Date,Close,50-day MA,200-day MA,Golden Cross,,,,,,,,,,,,
11/2/2020,330.2,,,,,,,,,,,,,,,
11/3/2020,336.03,,,,,,,,,,,,,,,
11/4/2020,343.54,,,,,,,,,,,,,,,
11/5/2020,350.24,,,,,,,,,,,,,,,
11/6/2020,350.16,,,,,,,,,,,,,,,
11/9/2020,354.56,,,,,,,,,,,,,,,
11/10/2020,354.04,,,,,,,,,,,,,,,
11/11/2020,356.67,,,,,,,,,,,,,,,
11/12/2020,353.21,,,,,,,,,,,,,,,
11/13/2020,358.1,,,,,,,,,,,,,,,
11/16/2020,362.57,,,,,,,,,,,,,,,
11/17/2020,360.62,,,,,,,,,,,,,,,
11/18/2020,356.28,,,,,,,,,,,,,,,
11/19/2020,357.78,,,,,,,,,,,,,,,
11/20/2020,355.33,,,,,,,,,,,,,,,
11/23/2020,357.46,,,,,,,,,,,,,,,
11/24/2020,363.22,,,,,,,,,,,,,,,
11/25/2020,362.66,,,,,,,,,,,,,,,
11/27/2020,363.67,,,,,,,,,,,,,,,
11/30/2020,362.06,,,,,,,,,,,,,,,
12/1/2020,366.02,,,,,,,,,,,,,,,
12/2/2020,366.79,,,,,,,,,,,,,,,
12/3/2020,366.69,,,,,,,,,,,,,,,
12/4/2020,369.85,,,,,,,,,,,,,,,
12/7/2020,369.09,,,,,,,,,,,,,,,
12/8/2020,370.17,,,,,,,,,,,,,,,
12/9/2020,366.85,,,,,,,,,,,,,,,
12/10/2020,366.73,,,,,,,,,,,,,,,
12/11/2020,366.3,,,,,,,,,,,,,,,
12/14/2020,364.66,,,,,,,,,,,,,,,
12/15/2020,369.59,,,,,,,,,,,,,,,
12/16/2020,370.17,,,,,,,,,,,,,,,
12/17/2020,372.24,,,,,,,,,,,,,,,
12/18/2020,369.18,,,,,,,,,,,,,,,
12/21/2020,367.86,,,,,,,,,,,,,,,
12/22/2020,367.24,,,,,,,,,,,,,,,
12/23/2020,367.57,,,,,,,,,,,,,,,
12/24/2020,369,,,,,,,,,,,,,,,
12/28/2020,372.17,,,,,,,,,,,,,,,
12/29/2020,371.46,,,,,,,,,,,,,,,
12/30/2020,371.99,,,,,,,,,,,,,,,
12/31/2020,373.88,,,,,,,,,,,,,,,
1/4/2021,368.79,,,,,,,,,,,,,,,
1/5/2021,371.33,,,,,,,,,,,,,,,
1/6/2021,373.55,,,,,,,,,,,,,,,
1/7/2021,379.1,,,,,,,,,,,,,,,
1/8/2021,381.26,,,,,,,,,,,,,,,
1/11/2021,378.69,,,,,,,,,,,,,,,
1/12/2021,378.77,,,,,,,,,,,,,,,
1/13/2021,379.79,364.3036,,,,,,,,,,,,,,
1/14/2021,378.46,365.2688,,,,,,,,,,,,,,
1/15/2021,375.7,366.0622,,,,,,,,,,,,,,
1/19/2021,378.65,366.7644,,,,,,,,,,,,,,
1/20/2021,383.89,367.4374,,,,,,,,,,,,,,
1/21/2021,384.24,368.119,,,,,,,,,,,,,,
1/22/2021,382.88,368.6854,,,,,,,,,,,,,,
1/25/2021,384.39,369.2924,,,,,,,,,,,,,,
1/26/2021,383.79,369.8348,,,,,,,,,,,,,,
1/27/2021,374.41,370.2588,,,,,,,,,,,,,,
1/28/2021,377.63,370.6494,,,,,,,,,,,,,,
1/29/2021,370.07,370.7994,,,,,,,,,,,,,,
2/1/2021,376.23,371.1116,,,,,,,,,,,,,,
2/2/2021,381.55,371.617,,,,,,,,,,,,,,
2/3/2021,381.85,372.0984,,,,,,,,,,,,,,
2/4/2021,386.19,372.7156,,,,,,,,,,,,,,
2/5/2021,387.71,373.3206,,,,,,,,,,,,,,
2/8/2021,390.51,373.8664,,,,,,,,,,,,,,
2/9/2021,390.25,374.4182,,,,,,,,,,,,,,
2/10/2021,390.08,374.9464,,,,,,,,,,,,,,
2/11/2021,390.71,375.5194,,,,,,,,,,,,,,
2/12/2021,392.64,376.0518,,,,,,,,,,,,,,
2/16/2021,392.3,376.562,,,,,,,,,,,,,,
2/17/2021,392.39,377.076,,,,,,,,,,,,,,
2/18/2021,390.72,377.4934,,,,,,,,,,,,,,
2/19/2021,390.03,377.9122,,,,,,,,,,,,,,
2/22/2021,387.03,378.2494,,,,,,,,,,,,,,
2/23/2021,387.5,378.6624,,,,,,,,,,,,,,
2/24/2021,391.77,379.1632,,,,,,,,,,,,,,
2/25/2021,382.33,379.4838,,,,,,,,,,,,,,
2/26/2021,380.36,379.7978,,,,,,,,,,,,,,
3/1/2021,389.58,380.1976,,,,,,,,,,,,,,
3/2/2021,386.54,380.525,,,,,,,,,,,,,,
3/3/2021,381.42,380.7086,,,,,,,,,,,,,,
3/4/2021,376.7,380.859,,,,,,,,,,,,,,
3/5/2021,383.63,381.1744,,,,,,,,,,,,,,
3/8/2021,381.72,381.464,,,,,,,,,,,,,,
3/9/2021,387.17,381.856,,,,,,,,,,,,,,
3/10/2021,389.58,382.2676,,,,,,,,,,,,,,
3/11/2021,393.53,382.6948,,,,,,,,,,,,,,
3/12/2021,394.06,383.1468,,,,,,,,,,,,,,
3/15/2021,396.41,383.6352,,,,,,,,,,,,,,
3/16/2021,395.91,384.0758,,,,,,,,,,,,,,
3/17/2021,397.26,384.6452,,,,,,,,,,,,,,
3/18/2021,391.48,385.0482,,,,,,,,,,,,,,
3/19/2021,389.48,385.3668,,,,,,,,,,,,,,
3/22/2021,392.59,385.6366,,,,,,,,,,,,,,
3/23/2021,389.5,385.8014,,,,,,,,,,,,,,
3/24/2021,387.52,385.978,,,,,,,,,,,,,,
3/25/2021,389.7,386.1966,,,,,,,,,,,,,,
3/26/2021,395.98,386.5204,,,,,,,,,,,,,,
3/29/2021,395.78,386.8668,,,,,,,,,,,,,,
3/30/2021,394.73,387.2474,,,,,,,,,,,,,,
3/31/2021,396.33,387.601,,,,,,,,,,,,,,
4/1/2021,400.61,387.9354,,,,,,,,,,,,,,
4/5/2021,406.36,388.3778,,,,,,,,,,,,,,
4/6/2021,406.12,388.8426,,,,,,,,,,,,,,
4/7/2021,406.59,389.2866,,,,,,,,,,,,,,
4/8/2021,408.52,389.7812,,,,,,,,,,,,,,
4/9/2021,411.49,390.5228,,,,,,,,,,,,,,
4/12/2021,411.64,391.203,,,,,,,,,,,,,,
4/13/2021,412.86,392.0588,,,,,,,,,,,,,,
4/14/2021,411.45,392.7632,,,,,,,,,,,,,,
4/15/2021,415.87,393.4496,,,,,,,,,,,,,,
4/16/2021,417.26,394.1578,,,,,,,,,,,,,,
4/19/2021,415.21,394.7382,,,,,,,,,,,,,,
4/20/2021,412.17,395.2274,,,,,,,,,,,,,,
4/21/2021,416.07,395.7386,,,,,,,,,,,,,,
4/22/2021,412.27,396.179,,,,,,,,,,,,,,
4/23/2021,416.74,396.7122,,,,,,,,,,,,,,
4/26/2021,417.61,397.2502,,,,,,,,,,,,,,
4/27/2021,417.52,397.7478,,,,,,,,,,,,,,
4/28/2021,417.4,398.2498,,,,,,,,,,,,,,
4/29/2021,420.06,398.8032,,,,,,,,,,,,,,
4/30/2021,417.3,399.3348,,,,,,,,,,,,,,
5/3/2021,418.2,399.8982,,,,,,,,,,,,,,
5/4/2021,415.62,400.47,,,,,,,,,,,,,,
5/5/2021,415.75,401.035,,,,,,,,,,,,,,
5/6/2021,419.07,401.581,,,,,,,,,,,,,,
5/7/2021,422.12,402.3768,,,,,,,,,,,,,,
5/10/2021,417.94,403.1284,,,,,,,,,,,,,,
5/11/2021,414.21,403.621,,,,,,,,,,,,,,
5/12/2021,405.41,403.9984,,,,,,,,,,,,,,
5/13/2021,410.28,404.5756,,,,,,,,,,,,,,
5/14/2021,416.58,405.3732,,,,,,,,,,,,,,
5/17/2021,415.52,406.011,,,,,,,,,,,,,,
5/18/2021,411.94,406.6154,,,,,,,,,,,,,,
5/19/2021,410.86,407.0892,,,,,,,,,,,,,,
5/20/2021,415.28,407.6032,,,,,,,,,,,,,,
5/21/2021,414.94,408.0314,,,,,,,,,,,,,,
5/24/2021,419.17,408.5336,,,,,,,,,,,,,,
5/25/2021,418.24,408.9702,,,,,,,,,,,,,,
5/26/2021,419.07,409.4334,,,,,,,,,,,,,,
5/27/2021,419.29,409.874,,,,,,,,,,,,,,
5/28/2021,420.04,410.4452,,,,,,,,,,,,,,
6/1/2021,419.67,411.049,,,,,,,,,,,,,,
6/2/2021,420.33,411.6038,,,,,,,,,,,,,,
6/3/2021,418.77,412.1892,,,,,,,,,,,,,,
6/4/2021,422.6,412.8908,,,,,,,,,,,,,,
6/7/2021,422.19,413.5406,,,,,,,,,,,,,,
6/8/2021,422.28,414.0666,,,,,,,,,,,,,,
6/9/2021,421.65,414.584,,,,,,,,,,,,,,
6/10/2021,423.61,415.1616,,,,,,,,,,,,,,
6/11/2021,424.31,415.7212,,,,,,,,,,,,,,
6/14/2021,425.26,416.2142,,,,,,,,,,,,,,
6/15/2021,424.48,416.5766,,,,,,,,,,,,,,
6/16/2021,422.11,416.8964,,,,,,,,,,,,,,
6/17/2021,421.97,417.204,,,,,,,,,,,,,,
6/18/2021,414.92,417.332,,,,,,,,,,,,,,
6/21/2021,420.86,417.5194,,,,,,,,,,,,,,
6/22/2021,423.11,417.7488,,,,,,,,,,,,,,
6/23/2021,422.6,417.9436,,,,,,,,,,,,,,
6/24/2021,425.1,418.2166,,,,,,,,,,,,,,
6/25/2021,426.61,418.4314,,,,,,,,,,,,,,
6/28/2021,427.47,418.6356,,,,,,,,,,,,,,
6/29/2021,427.7,418.8854,,,,,,,,,,,,,,
6/30/2021,428.06,419.2032,,,,,,,,,,,,,,
7/1/2021,430.43,419.4904,,,,,,,,,,,,,,
7/2/2021,433.72,419.9194,,,,,,,,,,,,,,
7/6/2021,432.93,420.2432,,,,,,,,,,,,,,
7/7/2021,434.46,420.5802,,,,,,,,,,,,,,
7/8/2021,430.92,420.8482,,,,,,,,,,,,,,
7/9/2021,435.52,421.2106,,,,,,,,,,,,,,
7/12/2021,437.08,421.551,,,,,,,,,,,,,,
7/13/2021,435.59,421.9168,,,,,,,,,,,,,,
7/14/2021,436.24,422.2776,,,,,,,,,,,,,,
7/15/2021,434.75,422.6602,,,,,,,,,,,,,,
7/16/2021,431.34,422.972,,,,,,,,,,,,,,
7/19/2021,424.97,423.09,,,,,,,,,,,,,,
7/20/2021,431.06,423.2688,,,,,,,,,,,,,,
7/21/2021,434.55,423.601,,,,,,,,,,,,,,
7/22/2021,435.46,424.026,,,,,,,,,,,,,,
7/23/2021,439.94,424.7166,,,,,,,,,,,,,,
7/26/2021,441.02,425.3314,,,,,,,,,,,,,,
7/27/2021,439.01,425.78,,,,,,,,,,,,,,
7/28/2021,438.83,426.2462,,,,,,,,,,,,,,
7/29/2021,440.65,426.8204,,,,,,,,,,,,,,
7/30/2021,438.51,427.3734,,,,,,,,,,,,,,
8/2/2021,437.59,427.8196,,,,,,,,,,,,,,
8/3/2021,441.15,428.3438,,,,,,,,,,,,,,
8/4/2021,438.98,428.74,,,,,,,,,,,,,,
8/5/2021,441.76,429.2104,,,,,,,,,,,,,,
8/6/2021,442.49,429.6788,,,,,,,,,,,,,,
8/9/2021,442.13,430.1356,,,,,,,,,,,,,,
8/10/2021,442.68,430.5884,,,,,,,,,,,,,,
8/11/2021,443.78,431.0706,,,,,,,,,,,,,,
8/12/2021,445.11,431.5662,,,,,,,,,,,,,,
8/13/2021,445.92,432.1092,,,,,,,,,,,,,,
8/16/2021,446.97,432.5966,,,,,,,,,,,,,,
8/17/2021,444.04,433.0336,,,,,,,,,,,,,,
8/18/2021,439.18,433.3716,399.56555,,,,,,,,,,,,,
8/19/2021,439.86,433.7358,400.11385,0,,,,,,,,,,,,
8/20/2021,443.36,434.1308,400.6505,0,,,,,,,,,,,,
8/23/2021,447.26,434.5898,401.1691,0,,,,,,,,,,,,
8/24/2021,447.97,435.044,401.65775,0,,,,,,,,,,,,
8/25/2021,448.91,435.5326,402.1515,0,,,,,,,,,,,,
8/26/2021,446.26,436.0156,402.61,0,,,,,,,,,,,,
8/27/2021,450.25,436.5812,403.09105,0,,,,,,,,,,,,
8/30/2021,452.23,437.3274,403.56885,0,,,,,,,,,,,,
8/31/2021,451.56,437.9414,404.0606,0,,,,,,,,,,,,
9/1/2021,451.8,438.5152,404.5291,0,,,,,,,,,,,,
9/2/2021,453.19,439.127,404.9822,0,,,,,,,,,,,,
9/3/2021,453.08,439.6866,405.4445,0,,,,,,,,,,,,
9/7/2021,451.46,440.1836,405.9204,0,,,,,,,,,,,,
9/8/2021,450.91,440.6524,406.38605,0,,,,,,,,,,,,
9/9/2021,448.98,441.078,406.8543,0,,,,,,,,,,,,
9/10/2021,445.44,441.4256,407.2942,0,,,,,,,,,,,,
9/13/2021,446.58,441.7486,407.711,0,,,,,,,,,,,,
9/14/2021,444.17,441.9576,408.11855,0,,,,,,,,,,,,
9/15/2021,447.88,442.2566,408.5396,0,,,,,,,,,,,,
9/16/2021,447.17,442.5108,408.96515,0,,,,,,,,,,,,
9/17/2021,441.4,442.7204,409.34205,0,,,,,,,,,,,,
9/20/2021,434.04,442.6908,409.6783,0,,,,,,,,,,,,
9/21/2021,433.63,442.6218,410.013,0,,,,,,,,,,,,
9/22/2021,437.86,442.6672,410.35305,0,,,,,,,,,,,,
9/23/2021,443.18,442.806,410.7235,0,,,,,,,,,,,,
9/24/2021,443.91,442.9892,411.0922,0,,,,,,,,,,,,
9/27/2021,442.64,443.2152,411.47115,0,,,,,,,,,,,,
9/28/2021,433.72,443.3902,411.8061,0,,,,,,,,,,,,
9/29/2021,434.45,443.458,412.14685,0,,,,,,,,,,,,
9/30/2021,429.14,443.3498,412.46925,0,,,,,,,,,,,,
10/1/2021,434.24,443.3254,412.7925,0,,,,,,,,,,,,
10/4/2021,428.64,443.0994,413.08485,0,,,,,,,,,,,,
10/5/2021,433.1,442.941,413.38915,0,,,,,,,,,,,,
10/6/2021,434.9,442.8588,413.71775,0,,,,,,,,,,,,
10/7/2021,438.66,442.8554,414.07175,0,,,,,,,,,,,,
10/8/2021,437.86,442.7996,414.42485,0,,,,,,,,,,,,
10/11/2021,434.69,442.7232,414.76045,0,,,,,,,,,,,,
10/12/2021,433.62,442.6438,415.08355,0,,,,,,,,,,,,
10/13/2021,435.18,442.5244,415.3986,0,,,,,,,,,,,,
10/14/2021,442.5,442.5948,415.7538,0,,,,,,,,,,,,
10/15/2021,445.87,442.677,416.1232,0,,,,,,,,,,,,
10/18/2021,447.19,442.771,416.48975,0,,,,,,,,,,,,
10/19/2021,450.64,442.9412,416.899,0,,,,,,,,,,,,
10/20/2021,452.41,443.1358,417.3044,0,,,,,,,,,,,,
10/21/2021,453.59,443.332,417.7046,0,,,,,,,,,,,,
10/22/2021,453.12,443.4922,418.0747,0,,,,,,,,,,,,
10/25/2021,455.55,443.6848,418.44615,0,,,,,,,,,,,,
10/26/2021,455.96,443.8646,418.8325,0,,,,,,,,,,,,
10/27/2021,453.94,444.0626,419.20835,0,,,,,,,,,,,,
10/28/2021,458.32,444.4454,419.601,0,,,,,,,,,,,,
10/29/2021,459.25,444.8332,420.00495,0,,,,,,,,,,,,
11/1/2021,460.04,445.1668,420.42665,0,,,,,,,,,,,,
11/2/2021,461.9,445.4596,420.8429,0,,,,,,,,,,,,
11/3/2021,464.72,445.7946,421.24705,0,,,,,,,,,,,,
11/4/2021,466.91,446.1546,421.6604,0,,,,,,,,,,,,
11/5/2021,468.53,446.6,422.08865,0,,,,,,,,,,,,
11/8/2021,468.93,446.9736,422.51135,0,,,,,,,,,,,,
11/9/2021,467.38,447.2766,422.9293,0,,,,,,,,,,,,
11/10/2021,463.62,447.5178,423.37535,0,,,,,,,,,,,,
11/11/2021,463.77,447.7572,423.80605,0,,,,,,,,,,,,
11/12/2021,467.27,448.0388,424.29205,0,,,,,,,,,,,,
11/15/2021,467.43,448.3258,424.74805,0,,,,,,,,,,,,
11/16/2021,469.28,448.6822,425.1867,0,,,,,,,,,,,,
11/17/2021,468.14,449.0268,425.61815,0,,,,,,,,,,,,
11/18/2021,469.73,449.4418,426.03585,0,,,,,,,,,,,,
11/19/2021,468.89,449.9108,426.44175,0,,,,,,,,,,,,
11/22/2021,467.57,450.3306,426.82705,0,,,,,,,,,,,,
11/23/2021,468.19,450.811,427.21675,0,,,,,,,,,,,,
11/24/2021,469.44,451.2422,427.61355,0,,,,,,,,,,,,
11/26/2021,458.97,451.4782,427.95485,0,,,,,,,,,,,,
11/29/2021,464.6,451.9422,428.31465,0,,,,,,,,,,,,
11/30/2021,455.56,452.3726,428.63095,0,,,,,,,,,,,,
12/1/2021,450.5,452.71,428.9215,0,,,,,,,,,,,,
12/2/2021,457.4,453.1008,429.2549,0,,,,,,,,,,,,
12/3/2021,453.42,453.3056,429.57185,0,,,,,,,,,,,,
12/6/2021,458.79,453.6032,429.93065,0,,,,,,,,,,,,
12/7/2021,468.28,454.116,430.33455,0,,,,,,,,,,,,
12/8/2021,469.52,454.832,430.7233,0,,,,,,,,,,,,
12/9/2021,466.35,455.47,431.1434,0,,,,,,,,,,,,
12/10/2021,470.74,456.302,431.5953,0,,,,,,,,,,,,
12/13/2021,466.57,456.9486,431.98025,0,,,,,,,,,,,,
12/14/2021,463.36,457.643,432.36435,0,,,,,,,,,,,,
12/15/2021,470.6,458.393,432.81025,0,,,,,,,,,,,,
12/16/2021,466.45,459.024,433.259,0,,,,,,,,,,,,
12/17/2021,459.87,459.4482,433.6402,0,,,,,,,,,,,,
12/20/2021,454.98,459.7906,434.0065,0,,,,,,,,,,,,
12/21/2021,463.06,460.358,434.38595,0,,,,,,,,,,,,
12/22/2021,467.69,461.0394,434.7765,0,,,,,,,,,,,,
12/23/2021,470.6,461.7478,435.16185,0,,,,,,,,,,,,
12/27/2021,477.26,462.443,435.57785,0,,,,,,,,,,,,
12/28/2021,476.87,463.063,435.98015,0,,,,,,,,,,,,
12/29/2021,477.48,463.6688,436.388,0,,,,,,,,,,,,
12/30/2021,476.16,464.1792,436.7825,0,,,,,,,,,,,,
12/31/2021,474.96,464.6302,437.1999,0,,,,,,,,,,,,
1/3/2022,477.71,465.1126,437.64105,0,,,,,,,,,,,,
1/4/2022,477.55,465.6012,438.06585,0,,,,,,,,,,,,
1/5/2022,468.38,465.8578,438.46025,0,,,,,,,,,,,,
1/6/2022,467.94,466.0974,438.86235,0,,,,,,,,,,,,
1/7/2022,466.09,466.3404,439.2443,0,,,,,,,,,,,,
1/10/2022,465.51,466.4842,439.59195,0,,,,,,,,,,,,
1/11/2022,469.75,466.6942,439.9618,0,,,,,,,,,,,,
1/12/2022,471.02,466.9138,440.34325,0,,,,,,,,,,,,
1/13/2022,464.53,466.9664,440.68425,0,,,,,,,,,,,,
1/14/2022,464.72,466.9664,441.0048,0,,,,,,,,,,,,
1/18/2022,456.49,466.758,441.25545,0,,,,,,,,,,,,
1/19/2022,451.75,466.4224,441.4836,0,,,,,,,,,,,,
1/20/2022,446.75,465.9788,441.6844,0,,,,,,,,,,,,
1/21/2022,437.98,465.3908,441.8317,0,,,,,,,,,,,,
1/24/2022,439.84,464.9152,441.97345,0,,,,,,,,,,,,
1/25/2022,434.47,464.3292,442.0876,0,,,,,,,,,,,,
1/26/2022,433.38,463.6514,442.1902,0,,,,,,,,,,,,
1/27/2022,431.24,462.9276,442.28915,0,,,,,,,,,,,,
1/28/2022,441.95,462.381,442.41955,0,,,,,,,,,,,,
1/31/2022,449.91,462.0164,442.5828,0,,,,,,,,,,,,
2/1/2022,452.95,461.6808,442.7715,0,,,,,,,,,,,,
2/2/2022,457.35,461.45,442.9974,0,,,,,,,,,,,,
2/3/2022,446.6,461.0306,443.15005,0,,,,,,,,,,,,
2/4/2022,448.7,460.6408,443.3322,0,,,,,,,,,,,,
2/7/2022,447.26,460.1972,443.4848,0,,,,,,,,,,,,
2/8/2022,450.94,460.0366,443.65145,0,,,,,,,,,,,,
2/9/2022,457.54,459.8954,443.85155,0,,,,,,,,,,,,
2/10/2022,449.32,459.7706,444.01115,0,,,,,,,,,,,,
2/11/2022,440.46,459.5698,444.11315,0,,,,,,,,,,,,
2/14/2022,439.02,459.2022,444.22175,0,,,,,,,,,,,,
2/15/2022,446.1,459.0558,444.36125,0,,,,,,,,,,,,
2/16/2022,446.6,458.812,444.51615,0,,,,,,,,,,,,
2/17/2022,437.06,458.1876,444.6227,0,,,,,,,,,,,,
2/18/2022,434.23,457.4818,444.6985,0,,,,,,,,,,,,
2/22/2022,429.57,456.7462,444.73575,0,,,,,,,,,,,,
2/23/2022,421.95,455.7704,444.7558,0,,,,,,,,,,,,
2/24/2022,428.3,455.005,444.82625,0,,,,,,,,,,,,
2/25/2022,437.75,454.4928,444.98795,0,,,,,,,,,,,,
2/28/2022,436.63,453.8134,445.1197,0,,,,,,,,,,,,
3/1/2022,429.98,453.084,445.1867,0,,,,,,,,,,,,
3/2/2022,437.89,452.6444,445.29855,0,,,,,,,,,,,,
3/3/2022,435.71,452.259,445.4174,0,,,,,,,,,,,,
3/4/2022,432.17,451.6412,445.52395,0,,,,,,,,,,,,
3/7/2022,419.43,450.676,445.5447,0,,,,,,,,,,,,
3/8/2022,416.25,449.589,445.55125,0,,,,,,,,,,,,
3/9/2022,427.41,448.592,445.59245,0,,,,,,,,,,,,
3/10/2022,425.48,447.5642,445.62865,0,,,,,,,,,,,,
3/11/2022,420.07,446.416,445.63365,0,,,,,,,,,,,,
3/14/2022,417,445.2328,445.6222,0,,,,,,,,,,,,
3/15/2022,426.17,444.257,445.65285,0,,,,,,,,,,,,
3/16/2022,435.62,443.4152,445.7326,0,,,,,,,,,,,,
3/17/2022,441.07,442.6856,445.8363,0,,,,,,,,,,,,
3/18/2022,444.52,442.2084,445.96505,0,,,,,,,,,,,,
3/21/2022,444.39,441.7374,446.074,0,,,,,,,,,,,,
3/22/2022,449.59,441.4074,446.211,0,,,,,,,,,,,,
3/23/2022,443.8,440.9732,446.3186,0,,,,,,,,,,,,
3/24/2022,450.49,440.588,446.4628,0,,,,,,,,,,,,
3/25/2022,452.69,440.2214,446.6082,0,,,,,,,,,,,,
3/28/2022,455.91,440.049,446.7662,0,,,,,,,,,,,,
3/29/2022,461.55,439.9856,446.94765,0,,,,,,,,,,,,
3/30/2022,458.7,440.0298,447.11875,0,,,,,,,,,,,,
3/31/2022,451.64,440.0276,447.2664,0,,,,,,,,,,,,
4/1/2022,452.92,440.151,447.42115,0,,,,,,,,,,,,
4/4/2022,456.8,440.5274,447.63055,0,,,,,,,,,,,,
4/5/2022,451.03,440.7512,447.7814,0,,,,,,,,,,,,
4/6/2022,446.52,440.9922,447.89845,0,,,,,,,,,,,,
4/7/2022,448.77,441.3,448.0293,0,,,,,,,,,,,,
4/8/2022,447.57,441.6266,448.14165,0,,,,,,,,,,,,
4/11/2022,439.92,441.586,448.2082,0,,,,,,,,,,,,
4/12/2022,438.29,441.3536,448.2623,0,,,,,,,,,,,,
4/13/2022,443.31,441.1608,448.34035,0,,,,,,,,,,,,
4/14/2022,437.79,440.7696,448.389,0,,,,,,,,,,,,
4/18/2022,437.97,440.597,448.4267,0,,,,,,,,,,,,
4/19/2022,445.04,440.5238,448.4833,0,,,,,,,,,,,,
4/20/2022,444.71,440.4728,448.5422,0,,,,,,,,,,,,
4/21/2022,438.06,440.2152,448.5602,0,,,,,,,,,,,,
4/22/2022,426.04,439.5852,448.5358,0,,,,,,,,,,,,
4/25/2022,428.51,439.169,448.50075,0,,,,,,,,,,,,
4/26/2022,416.1,438.6818,448.39585,0,,,,,,,,,,,,
4/27/2022,417.27,438.2468,448.30425,0,,,,,,,,,,,,
4/28/2022,427.81,437.881,448.2621,0,,,,,,,,,,,,
4/29/2022,412,437.189,448.14835,0,,,,,,,,,,,,
5/2/2022,414.48,436.7374,448.06405,0,,,,,,,,,,,,
5/3/2022,416.38,436.3804,448.0211,0,,,,,,,,,,,,
5/4/2022,429.06,436.3702,448.0111,0,,,,,,,,,,,,
5/5/2022,413.81,436.2074,447.9074,0,,,,,,,,,,,,
5/6/2022,411.34,435.8682,447.7868,0,,,,,,,,,,,,
5/9/2022,398.17,435.0766,447.57795,0,,,,,,,,,,,,
5/10/2022,399.09,434.3258,447.3683,0,,,,,,,,,,,,
5/11/2022,392.75,433.5812,447.137,0,,,,,,,,,,,,
5/12/2022,392.34,432.6702,446.90455,0,,,,,,,,,,,,
5/13/2022,401.72,431.9904,446.7099,0,,,,,,,,,,,,
5/16/2022,400.09,431.3488,446.5178,0,,,,,,,,,,,,
5/17/2022,408.32,431.1266,446.37145,0,,,,,,,,,,,,
5/18/2022,391.86,430.6388,446.125,0,,,,,,,,,,,,
5/19/2022,389.46,429.8798,445.8774,0,,,,,,,,,,,,
5/20/2022,389.63,429.1628,445.61675,0,,,,,,,,,,,,
5/23/2022,396.92,428.6998,445.3889,0,,,,,,,,,,,,
5/24/2022,393.89,428.2376,445.1477,0,,,,,,,,,,,,
5/25/2022,397.37,427.6616,444.92115,0,,,,,,,,,,,,
5/26/2022,405.31,427.0554,444.7288,0,,,,,,,,,,,,
5/27/2022,415.26,426.5392,444.57955,0,,,,,,,,,,,,
5/31/2022,412.93,425.9074,444.4146,0,,,,,,,,,,,,
6/1/2022,409.59,425.2114,444.2277,0,,,,,,,,,,,,
6/2/2022,417.39,424.5674,444.09445,0,,,,,,,,,,,,
6/3/2022,410.54,423.9022,443.95125,0,,,,,,,,,,,,
6/6/2022,411.79,423.1282,443.8109,0,,,,,,,,,,,,
6/7/2022,415.74,422.3892,443.6728,0,,,,,,,,,,,,
6/8/2022,411.22,421.4954,443.4926,0,,,,,,,,,,,,
6/9/2022,401.44,420.2932,443.25995,0,,,,,,,,,,,,
6/10/2022,389.8,418.9152,442.9644,0,,,,,,,,,,,,
6/13/2022,375,417.3824,442.6081,0,,,,,,,,,,,,
6/14/2022,373.87,415.8014,442.2262,0,,,,,,,,,,,,
6/15/2022,379.2,414.2494,441.86105,0,,,,,,,,,,,,
6/16/2022,366.65,412.5618,441.4365,0,,,,,,,,,,,,
6/17/2022,365.86,410.9486,441.0068,0,,,,,,,,,,,,
6/21/2022,375.07,409.4746,440.6162,0,,,,,,,,,,,,
6/22/2022,374.39,408.011,440.22275,0,,,,,,,,,,,,
6/23/2022,378.06,406.7738,439.85575,0,,,,,,,,,,,,
6/24/2022,390.08,405.8096,439.5516,0,,,,,,,,,,,,
6/27/2022,388.59,404.7152,439.24965,0,,,,,,,,,,,,
6/28/2022,380.65,403.5724,438.9257,0,,,,,,,,,,,,
6/29/2022,380.34,402.4198,438.5945,0,,,,,,,,,,,,
6/30/2022,377.25,401.064,438.2599,0,,,,,,,,,,,,
7/1/2022,381.24,399.7946,437.9267,0,,,,,,,,,,,,
7/5/2022,381.96,398.6726,437.60065,0,,,,,,,,,,,,
7/6/2022,383.25,397.8168,437.3099,0,,,,,,,,,,,,
7/7/2022,388.99,397.0264,437.08465,0,,,,,,,,,,,,
7/8/2022,388.67,396.4778,436.85985,0,,,,,,,,,,,,
7/11/2022,384.23,395.817,436.5917,0,,,,,,,,,,,,
7/12/2022,380.83,394.8774,436.27995,0,,,,,,,,,,,,
7/13/2022,378.83,394.214,435.95455,0,,,,,,,,,,,,
7/14/2022,377.91,393.4826,435.6309,0,,,,,,,,,,,,
7/15/2022,385.13,392.8576,435.38795,0,,,,,,,,,,,,
7/18/2022,381.95,391.9154,435.12545,0,,,,,,,,,,,,
7/19/2022,392.27,391.4846,434.9411,0,,,,,,,,,,,,
7/20/2022,394.77,391.1532,434.74375,0,,,,,,,,,,,,
7/21/2022,398.79,391.1656,434.5945,0,,,,,,,,,,,,
7/22/2022,395.09,391.0856,434.40445,0,,,,,,,,,,,,
7/25/2022,395.57,391.142,434.2078,0,,,,,,,,,,,,
7/26/2022,390.89,391.113,433.96895,0,,,,,,,,,,,,
7/27/2022,401.04,391.0994,433.78485,0,,,,,,,,,,,,
7/28/2022,406.07,391.219,433.64175,0,,,,,,,,,,,,
7/29/2022,411.99,391.2924,433.5336,0,,,,,,,,,,,,
8/1/2022,410.77,391.6706,433.41155,0,,,,,,,,,,,,
8/2/2022,408.06,392.0426,433.23935,0,,,,,,,,,,,,
8/3/2022,414.45,392.539,433.08225,0,,,,,,,,,,,,
8/4/2022,414.17,392.884,432.91715,0,,,,,,,,,,,,
8/5/2022,413.47,393.2756,432.7313,0,,,,,,,,,,,,
8/8/2022,412.99,393.588,432.5342,0,,,,,,,,,,,,
8/9/2022,411.35,393.7088,432.323,0,,,,,,,,,,,,
8/10/2022,419.99,393.8034,432.15735,0,,,,,,,,,,,,
8/11/2022,419.99,393.9446,431.97955,0,,,,,,,,,,,,
8/12/2022,427.1,394.2948,431.83525,0,,,,,,,,,,,,
8/15/2022,428.86,394.5242,431.70985,0,,,,,,,,,,,,
8/16/2022,429.7,394.9074,431.56675,0,,,,,,,,,,,,
8/17/2022,426.65,395.2046,431.40375,0,,,,,,,,,,,,
8/18/2022,427.89,395.4476,431.243,0,,,,,,,,,,,,
8/19/2022,422.14,395.666,431.0442,0,,,,,,,,,,,,
8/22/2022,413.35,395.9042,430.78735,0,,,,,,,,,,,,
8/23/2022,412.35,396.3552,430.51455,0,,,,,,,,,,,,
8/24/2022,413.67,397.1286,430.24025,0,,,,,,,,,,,,
8/25/2022,419.51,398.0414,429.99315,0,,,,,,,,,,,,
8/26/2022,405.31,398.5636,429.6828,0,,,,,,,,,,,,
8/29/2022,402.63,399.2832,429.37785,0,,,,,,,,,,,,
8/30/2022,398.21,399.9302,429.05005,0,,,,,,,,,,,,
8/31/2022,395.18,400.3324,428.6896,0,,,,,,,,,,,,
9/1/2022,396.42,400.773,428.33455,0,,,,,,,,,,,,
9/2/2022,392.24,401.0566,427.94935,0,,,,,,,,,,,,
9/6/2022,390.76,401.0702,427.56245,0,,,,,,,,,,,,
9/7/2022,397.78,401.254,427.2027,0,,,,,,,,,,,,
9/8/2022,400.38,401.6486,426.86015,0,,,,,,,,,,,,
9/9/2022,406.6,402.1738,426.5553,0,,,,,,,,,,,,
9/12/2022,410.97,402.8482,426.2692,0,,,,,,,,,,,,
9/13/2022,393.1,403.0854,425.8875,0,,,,,,,,,,,,
9/14/2022,394.6,403.3382,425.56565,0,,,,,,,,,,,,
9/15/2022,390.12,403.4756,425.19325,0,,,,,,,,,,,,
9/16/2022,385.56,403.407,424.84325,0,,,,,,,,,,,,
9/19/2022,388.55,403.4046,424.5335,0,,,,,,,,,,,,
9/20/2022,384.09,403.4018,424.16695,0,,,,,,,,,,,,
9/21/2022,377.39,403.333,423.7868,0,,,,,,,,,,,,
9/22/2022,374.22,403.2408,423.36395,0,,,,,,,,,,,,
9/23/2022,367.95,403.0416,422.8623,0,,,,,,,,,,,,
9/26/2022,364.31,402.6252,422.33625,0,,,,,,,,,,,,
9/27/2022,363.38,402.2538,421.8214,0,,,,,,,,,,,,
9/28/2022,370.53,401.819,421.32035,0,,,,,,,,,,,,
9/29/2022,362.79,401.1794,420.80145,0,,,,,,,,,,,,
9/30/2022,357.18,400.3472,420.27055,0,,,,,,,,,,,,
10/3/2022,366.61,399.7776,419.7506,0,,,,,,,,,,,,
10/4/2022,377.97,399.4256,419.3082,0,,,,,,,,,,,,
10/5/2022,377.09,399.1496,418.8943,0,,,,,,,,,,,,
10/6/2022,373.2,398.5928,418.4854,0,,,,,,,,,,,,
10/7/2022,362.79,397.7272,417.98405,0,,,,,,,,,,,,
10/10/2022,360.02,396.6878,417.4457,0,,,,,,,,,,,,
10/11/2022,357.74,395.6272,416.8814,0,,,,,,,,,,,,
10/12/2022,356.56,394.5972,416.2779,0,,,,,,,,,,,,
10/13/2022,365.97,393.6276,415.7234,0,,,,,,,,,,,,
10/14/2022,357.63,392.4968,415.12415,0,,,,,,,,,,,,
10/17/2022,366.82,391.5638,414.57745,0,,,,,,,,,,,,
10/18/2022,371.13,390.7266,414.0583,0,,,,,,,,,,,,
10/19/2022,368.5,389.8696,413.51225,0,,,,,,,,,,,,
10/20/2022,365.41,388.778,412.95155,0,,,,,,,,,,,,
10/21/2022,374.29,387.864,412.4811,0,,,,,,,,,,,,
10/24/2022,378.87,386.8994,412.03575,0,,,,,,,,,,,,
10/25/2022,384.92,386.0206,411.6299,0,,,,,,,,,,,,
10/26/2022,382.02,385.067,411.21245,0,,,,,,,,,,,,
10/27/2022,379.98,384.1336,410.7636,0,,,,,,,,,,,,
10/28/2022,389.02,383.3562,410.3536,0,,,,,,,,,,,,
10/31/2022,386.21,382.6376,409.962,0,,,,,,,,,,,,
11/1/2022,384.52,382.061,409.561,0,,,,,,,,,,,,
11/2/2022,374.87,381.3114,409.1529,0,,,,,,,,,,,,
11/3/2022,371.01,380.4582,408.7492,0,,,,,,,,,,,,
11/4/2022,376.35,379.595,408.3972,0,,,,,,,,,,,,
11/7/2022,379.95,379.0878,408.10705,0,,,,,,,,,,,,
11/8/2022,382,378.6752,407.81785,0,,,,,,,,,,,,
11/9/2022,374.13,378.1936,407.51615,0,,,,,,,,,,,,
11/10/2022,394.69,378.1838,407.3227,0,,,,,,,,,,,,
11/11/2022,398.51,378.2256,407.15905,0,,,,,,,,,,,,
11/14/2022,395.12,378.2832,406.9249,0,,,,,,,,,,,,
11/15/2022,398.49,378.4378,406.6678,0,,,,,,,,,,,,
11/16/2022,395.45,378.3912,406.3803,0,,,,,,,,,,,,
11/17/2022,394.24,378.2684,406.06475,0,,,,,,,,,,,,
11/18/2022,396.03,378.057,405.8119,0,,,,,,,,,,,,
11/21/2022,394.59,377.7294,405.54135,0,,,,,,,,,,,,
11/22/2022,399.9,377.8654,405.30455,0,,,,,,,,,,,,
11/23/2022,402.42,378.0218,405.06195,0,,,,,,,,,,,,
11/25/2022,402.33,378.266,404.7859,0,,,,,,,,,,,,
11/28/2022,395.91,378.473,404.51885,0,,,,,,,,,,,,
11/29/2022,395.23,378.6066,404.2927,0,,,,,,,,,,,,
11/30/2022,407.68,379.0784,404.136,0,,,,,,,,,,,,
12/1/2022,407.38,379.6782,403.9424,0,,,,,,,,,,,,
12/2/2022,406.91,380.332,403.74395,0,,,,,,,,,,,,
12/5/2022,399.59,380.9648,403.5566,0,,,,,,,,,,,,
12/6/2022,393.83,381.5552,403.3546,0,,,,,,,,,,,,
12/7/2022,393.16,382.1508,403.17255,0,,,,,,,,,,,,
12/8/2022,396.24,382.665,403.044,0,,,,,,,,,,,,
12/9/2022,393.28,383.2748,402.8689,0,,,,,,,,,,,,
12/12/2022,398.95,384.1102,402.6749,0,,,,,,,,,,,,
12/13/2022,401.97,384.8174,402.5016,0,,,,,,,,,,,,
12/14/2022,399.4,385.246,402.3487,0,,,,,,,,,,,,
12/15/2022,389.63,385.4968,402.1074,0,,,,,,,,,,,,
12/16/2022,383.27,385.6982,401.8452,0,,,,,,,,,,,,
12/19/2022,380.02,386.0428,401.58445,0,,,,,,,,,,,,
12/20/2022,380.54,386.4532,401.39,0,,,,,,,,,,,,
12/21/2022,386.23,387.023,401.2399,0,,,,,,,,,,,,
12/22/2022,380.72,387.5062,401.00645,0,,,,,,,,,,,,
12/23/2022,382.91,387.845,400.7936,0,,,,,,,,,,,,
12/27/2022,381.4,388.3204,400.60025,0,,,,,,,,,,,,
12/28/2022,376.66,388.5172,400.39855,0,,,,,,,,,,,,
12/29/2022,383.44,388.7634,400.1849,0,,,,,,,,,,,,
12/30/2022,382.43,389.042,399.91895,0,,,,,,,,,,,,
1/3/2023,380.82,389.3502,399.6177,0,,,,,,,,,,,,
1/4/2023,383.76,389.5396,399.3139,0,,,,,,,,,,,,
1/5/2023,379.38,389.5498,398.98885,0,,,,,,,,,,,,
1/6/2023,388.08,389.613,398.6813,0,,,,,,,,,,,,
1/9/2023,387.86,389.7298,398.4016,0,,,,,,,,,,,,
1/10/2023,390.58,389.9418,398.10205,0,,,,,,,,,,,,
1/11/2023,395.52,390.0718,397.8162,0,,,,,,,,,,,,
1/12/2023,396.96,390.2868,397.52145,0,,,,,,,,,,,,
1/13/2023,398.5,390.5664,397.2062,0,,,,,,,,,,,,
1/17/2023,397.77,391.0244,396.90155,0,,,,,,,,,,,,
1/18/2023,391.49,391.434,396.6008,0,,,,,,,,,,,,
1/19/2023,388.64,391.6798,396.2794,0,,,,,,,,,,,,
1/20/2023,395.88,391.9984,395.9748,0,,,,,,,,,,,,
1/23/2023,400.63,392.371,395.7228,0,,,,,,,,,,,,
1/24/2023,400.2,392.8924,395.4912,0,,,,,,,,,,,,
1/25/2023,400.35,393.0056,395.2491,0,,,,,,,,,,,,
1/26/2023,404.75,393.1304,395.035,0,,,,,,,,,,,,
1/27/2023,405.68,393.3416,394.8638,0,,,,,,,,,,,,
1/30/2023,400.59,393.3836,394.6753,0,,,,,,,,,,,,
1/31/2023,406.48,393.6042,394.49115,0,,,,,,,,,,,,
2/1/2023,410.8,393.9354,394.3562,0,,,,,,,,,,,,
2/2/2023,416.78,394.3504,394.25025,1,,,,,,,,,,,,
2/3/2023,412.35,394.7056,394.0868,0,,,,,,,,,,,,
2/6/2023,409.83,394.9042,393.9124,0,,,,,,,,,,,,
2/7/2023,415.19,395.1596,393.79805,0,,,,,,,,,,,,
2/8/2023,410.65,395.326,393.7211,0,,,,,,,,,,,,
2/9/2023,407.09,395.5496,393.614,0,,,,,,,,,,,,
2/10/2023,408.04,395.8058,393.5737,0,,,,,,,,,,,,
2/13/2023,412.83,395.9088,393.5515,0,,,,,,,,,,,,
2/14/2023,412.64,396.014,393.47565,0,,,,,,,,,,,,
2/15/2023,413.98,396.1554,393.48555,0,,,,,,,,,,,,
2/16/2023,408.28,396.3292,393.45455,0,,,,,,,,,,,,
2/17/2023,407.26,396.5978,393.40895,0,,,,,,,,,,,,
2/21/2023,399.09,396.7164,393.2591,0,,,,,,,,,,,,
2/22/2023,398.54,396.7624,393.18275,0,,,,,,,,,,,,
2/23/2023,400.66,396.91,393.12935,0,,,,,,,,,,,,
2/24/2023,396.38,396.8586,393.1204,0,,,,,,,,,,,,
2/27/2023,397.73,396.7738,393.1136,0,,,,,,,,,,,,
2/28/2023,396.26,396.711,393.13115,0,,,,,,,,,,,,
3/1/2023,394.74,396.8132,393.14315,0,,,,,,,,,,,,
3/2/2023,397.81,397.104,393.1236,0,,,,,,,,,,,,
3/3/2023,404.19,397.5874,393.1441,0,,,,,,,,,,,,
3/6/2023,404.47,398.066,393.12485,0,,,,,,,,,,,,
3/7/2023,398.27,398.3068,393.1569,0,,,,,,,,,,,,
3/8/2023,398.92,398.6708,393.2042,0,,,,,,,,,,,,
3/9/2023,391.56,398.8438,393.21385,0,,,,,,,,,,,,
3/10/2023,385.91,398.934,393.1588,0,,,,,,,,,,,,
3/13/2023,385.36,399.108,393.11615,0,,,,,,,,,,,,
3/14/2023,391.73,399.2738,393.08795,0,,,,,,,,,,,,
3/15/2023,389.28,399.4108,393.0078,0,,,,,,,,,,,,
3/16/2023,396.11,399.7166,392.91205,0,,,,,,,,,,,,
3/17/2023,389.99,399.8412,392.79735,0,,,,,,,,,,,,
3/20/2023,393.74,400.1284,392.7181,0,,,,,,,,,,,,
3/21/2023,398.91,400.345,392.6257,0,,,,,,,,,,,,
3/22/2023,392.11,400.43,392.53355,0,,,,,,,,,,,,
3/23/2023,393.17,400.4818,392.44045,0,,,,,,,,,,,,
3/24/2023,395.75,400.4864,392.3405,0,,,,,,,,,,,,
3/27/2023,396.49,400.477,392.26685,0,,,,,,,,,,,,
3/28/2023,395.6,400.419,392.23765,0,,,,,,,,,,,,
3/29/2023,401.35,400.4906,392.2954,0,,,,,,,,,,,,
3/30/2023,403.7,400.7348,392.4389,0,,,,,,,,,,,,
3/31/2023,409.39,401.1498,392.6165,0,,,,,,,,,,,,
4/3/2023,410.95,401.4512,392.77525,0,,,,,,,,,,,,
4/4/2023,408.67,401.612,392.98535,0,,,,,,,,,,,,
4/5/2023,407.6,401.76,393.19405,0,,,,,,,,,,,,
4/6/2023,409.19,401.9368,393.36465,0,,,,,,,,,,,,
4/10/2023,409.61,402.034,393.54075,0,,,,,,,,,,,,
4/11/2023,409.72,402.1148,393.69905,0,,,,,,,,,,,,
4/12/2023,408.05,402.264,393.7889,0,,,,,,,,,,,,
4/13/2023,413.47,402.4038,393.9133,0,,,,,,,,,,,,
4/14/2023,412.46,402.437,394.07235,0,,,,,,,,,,,,
4/17/2023,413.94,402.3802,394.24035,0,,,,,,,,,,,,
4/18/2023,414.21,402.4174,394.42515,0,,,,,,,,,,,,
4/19/2023,414.14,402.5036,394.58965,0,,,,,,,,,,,,
4/20/2023,411.88,402.4374,394.73925,0,,,,,,,,,,,,
4/21/2023,412.2,402.4684,394.884,0,,,,,,,,,,,,
4/24/2023,412.63,402.5792,395.0022,0,,,,,,,,,,,,
4/25/2023,406.08,402.54,395.08925,0,,,,,,,,,,,,
4/26/2023,404.36,402.3706,395.1899,0,,,,,,,,,,,,
4/27/2023,412.41,402.366,395.3478,0,,,,,,,,,,,,
4/28/2023,415.93,402.405,395.5333,0,,,,,,,,,,,,
5/1/2023,415.51,402.5496,395.7213,0,,,,,,,,,,,,
5/2/2023,410.84,402.6212,395.84985,0,,,,,,,,,,,,
5/3/2023,408.02,402.7998,395.9802,0,,,,,,,,,,,,
5/4/2023,405.13,402.9316,396.0445,0,,,,,,,,,,,,
5/5/2023,412.63,403.171,396.1338,0,,,,,,,,,,,,
5/8/2023,412.74,403.4982,396.20355,0,,,,,,,,,,,,
5/9/2023,410.93,403.7622,396.28275,0,,,,,,,,,,,,
5/10/2023,412.85,404.094,396.36915,0,,,,,,,,,,,,
5/11/2023,412.13,404.4418,396.47535,0,,,,,,,,,,,,
5/12/2023,411.59,404.7174,396.5281,0,,,,,,,,,,,,
5/15/2023,413.01,404.8938,396.5628,0,,,,,,,,,,,,
5/16/2023,410.25,405.0094,396.5541,0,,,,,,,,,,,,
5/17/2023,415.23,405.3486,396.5764,0,,,,,,,,,,,,
5/18/2023,419.23,405.7548,396.63225,0,,,,,,,,,,,,
5/19/2023,418.62,406.296,396.6531,0,,,,,,,,,,,,
5/22/2023,418.79,406.9536,396.6762,0,,,,,,,,,,,,
5/23/2023,414.09,407.5282,396.6793,0,,,,,,,,,,,,
5/24/2023,411.09,407.9154,396.6698,0,,,,,,,,,,,,
5/25/2023,414.65,408.4228,396.6863,0,,,,,,,,,,,,
5/26/2023,420.02,408.901,396.68645,0,,,,,,,,,,,,
5/30/2023,420.18,409.5048,396.6874,0,,,,,,,,,,,,
5/31/2023,417.85,409.987,396.64115,0,,,,,,,,,,,,
6/1/2023,421.82,410.4452,396.60595,0,,,,,,,,,,,,
6/2/2023,427.92,411.1614,396.59705,0,,,,,,,,,,,,
6/5/2023,427.1,411.84,396.5993,0,,,,,,,,,,,,
6/6/2023,428.03,412.4856,396.6,0,,,,,,,,,,,,
6/7/2023,426.55,413.0868,396.62205,0,,,,,,,,,,,,
6/8/2023,429.13,413.7574,396.70095,0,,,,,,,,,,,,
6/9/2023,429.9,414.3284,396.7887,0,,,,,,,,,,,,
6/12/2023,433.8,414.9304,396.88935,0,,,,,,,,,,,,
6/13/2023,436.66,415.4758,396.9751,0,,,,,,,,,,,,
6/14/2023,437.18,416.0004,397.13445,0,,,,,,,,,,,,
6/15/2023,442.6,416.679,397.3343,0,,,,,,,,,,,,
6/16/2023,439.46,417.3162,397.54055,0,,,,,,,,,,,,
6/20/2023,437.18,417.876,397.75055,0,,,,,,,,,,,,
6/21/2023,434.94,418.3826,397.94315,0,,,,,,,,,,,,
6/22/2023,436.51,418.9184,398.1645,0,,,,,,,,,,,,
6/23/2023,433.21,419.4216,398.37675,0,,,,,,,,,,,,
6/26/2023,431.44,419.781,398.54505,0,,,,,,,,,,,,
6/27/2023,436.17,420.2552,398.724,0,,,,,,,,,,,,
6/28/2023,436.39,420.7042,398.87295,0,,,,,,,,,,,,
6/29/2023,438.11,421.1822,399.00865,0,,,,,,,,,,,,
6/30/2023,443.28,421.765,399.25955,0,,,,,,,,,,,,
7/3/2023,443.79,422.4032,399.5055,0,,,,,,,,,,,,
7/5/2023,443.13,423.0218,399.77055,0,,,,,,,,,,,,
7/6/2023,439.66,423.5624,400.04105,0,,,,,,,,,,,,
7/7/2023,438.55,424.2118,400.29105,0,,,,,,,,,,,,
7/10/2023,439.66,424.9178,400.5689,0,,,,,,,,,,,,
7/11/2023,442.46,425.5188,400.89425,0,,,,,,,,,,,,
7/12/2023,446.02,426.1206,401.25325,0,,,,,,,,,,,,
7/13/2023,449.56,426.8016,401.6613,0,,,,,,,,,,,,
7/14/2023,449.28,427.5704,402.08615,0,,,,,,,,,,,,
7/17/2023,450.84,428.4268,402.52345,0,,,,,,,,,,,,
7/18/2023,454.19,429.408,402.94175,0,,,,,,,,,,,,
7/19/2023,455.2,430.2594,403.4038,0,,,,,,,,,,,,
7/20/2023,452.18,431.0482,403.8788,0,,,,,,,,,,,,
7/21/2023,452.18,431.8732,404.30665,0,,,,,,,,,,,,
7/24/2023,454.2,432.7002,404.6878,0,,,,,,,,,,,,
7/25/2023,455.44,433.5664,405.07955,0,,,,,,,,,,,,
7/26/2023,455.51,434.4448,405.4911,0,,,,,,,,,,,,
7/27/2023,452.49,435.2344,405.9396,0,,,,,,,,,,,,
7/28/2023,456.92,436.1678,406.4241,0,,,,,,,,,,,,
7/31/2023,457.79,437.019,406.92435,0,,,,,,,,,,,,
8/1/2023,456.48,437.764,407.42395,0,,,,,,,,,,,,
8/2/2023,450.13,438.3942,407.84475,0,,,,,,,,,,,,
8/3/2023,448.84,438.9952,408.3008,0,,,,,,,,,,,,
8/4/2023,446.81,439.6496,408.70075,0,,,,,,,,,,,,
8/7/2023,450.71,440.442,409.09865,0,,,,,,,,,,,,
8/8/2023,448.75,441.124,409.4999,0,,,,,,,,,,,,
8/9/2023,445.75,441.6386,409.9016,0,,,,,,,,,,,,
8/10/2023,445.91,442.1532,410.2597,0,,,,,,,,,,,,
8/11/2023,445.65,442.7092,410.5936,0,,,,,,,,,,,,
8/14/2023,448.11,443.235,410.90955,0,,,,,,,,,,,,
8/15/2023,442.89,443.5344,411.2139,0,,,,,,,,,,,,
8/16/2023,439.64,443.7852,411.5122,0,,,,,,,,,,,,
8/17/2023,436.29,443.9504,411.74855,0,,,,,,,,,,,,
8/18/2023,436.5,444.1494,412,0,,,,,,,,,,,,
8/21/2023,439.34,444.3536,412.2741,0,,,,,,,,,,,,
8/22/2023,438.15,444.5186,412.5905,0,,,,,,,,,,,,
8/23/2023,443.03,444.7032,412.9506,0,,,,,,,,,,,,
8/24/2023,436.89,444.7078,413.2533,0,,,,,,,,,,,,
8/25/2023,439.97,444.7636,413.5534,0,,,,,,,,,,,,
8/28/2023,442.76,444.7668,413.8572,0,,,,,,,,,,,,
8/29/2023,449.16,444.9608,414.23235,0,,,,,,,,,,,,
8/30/2023,451.01,445.2374,414.51395,0,,,,,,,,,,,,
8/31/2023,450.35,445.5456,414.77315,0,,,,,,,,,,,,
9/1/2023,451.19,445.8392,415.0535,0,,,,,,,,,,,,
9/5/2023,449.24,446.1598,415.30725,0,,,,,,,,,,,,
9/6/2023,446.22,446.4554,415.5611,0,,,,,,,,,,,,
9/7/2023,444.85,446.629,415.81415,0,,,,,,,,,,,,
9/8/2023,445.52,446.8116,416.0616,0,,,,,,,,,,,,
9/11/2023,448.45,447.0184,416.3309,0,,,,,,,,,,,,
9/12/2023,445.99,447.0726,416.56135,0,,,,,,,,,,,,
9/13/2023,446.51,447.127,416.7818,0,,,,,,,,,,,,
9/14/2023,450.36,447.2716,417.02195,0,,,,,,,,,,,,
9/15/2023,443.37,447.3458,417.25925,0,,,,,,,,,,,,
9/18/2023,443.63,447.4474,417.50125,0,,,,,,,,,,,,
9/19/2023,442.71,447.5084,417.6764,0,,,,,,,,,,,,
9/20/2023,438.64,447.432,417.8327,0,,,,,,,,,,,,
9/21/2023,431.39,447.1394,417.9551,0,,,,,,,,,,,,
9/22/2023,430.42,446.7566,418.10925,0,,,,,,,,,,,,
9/25/2023,432.23,446.4156,418.30125,0,,,,,,,,,,,,
9/26/2023,425.88,445.9164,418.46485,0,,,,,,,,,,,,
9/27/2023,426.05,445.3536,418.6139,0,,,,,,,,,,,,
9/28/2023,428.52,444.82,418.7901,0,,,,,,,,,,,,
9/29/2023,427.48,444.326,418.93275,0,,,,,,,,,,,,
10/2/2023,427.31,443.8286,419.05945,0,,,,,,,,,,,,
10/3/2023,421.59,443.1764,419.1704,0,,,,,,,,,,,,
10/4/2023,424.66,442.5608,419.34555,0,,,,,,,,,,,,
10/5/2023,424.5,441.9406,419.5517,0,,,,,,,,,,,,
10/6/2023,429.54,441.4816,419.7993,0,,,,,,,,,,,,
10/9/2023,432.29,440.989,420.05805,0,,,,,,,,,,,,
10/10/2023,434.54,440.524,420.2996,0,,,,,,,,,,,,
10/11/2023,436.32,440.1208,420.5776,0,,,,,,,,,,,,
10/12/2023,433.66,439.7914,420.83135,0,,,,,,,,,,,,
10/13/2023,431.5,439.4446,421.08185,0,,,,,,,,,,,,
10/16/2023,436.04,439.2292,421.37875,0,,,,,,,,,,,,
10/17/2023,436.02,438.9354,421.64165,0,,,,,,,,,,,,
10/18/2023,430.21,438.5646,421.88055,0,,,,,,,,,,,,
10/19/2023,426.43,438.1782,422.1086,0,,,,,,,,,,,,
10/20/2023,421.19,437.6838,422.29575,0,,,,,,,,,,,,
10/23/2023,420.46,437.18,422.50115,0,,,,,,,,,,,,
10/24/2023,423.63,436.6904,422.6789,0,,,,,,,,,,,,
10/25/2023,417.55,436.1836,422.82735,0,,,,,,,,,,,,
10/26/2023,412.55,435.6418,422.9372,0,,,,,,,,,,,,
10/27/2023,410.68,435.1296,423.013,0,,,,,,,,,,,,
10/30/2023,415.59,434.7114,423.10615,0,,,,,,,,,,,,
10/31/2023,418.2,434.2886,423.20465,0,,,,,,,,,,,,
11/1/2023,422.66,433.9788,423.3291,0,,,,,,,,,,,,
11/2/2023,430.76,433.7334,423.52545,0,,,,,,,,,,,,
11/3/2023,434.69,433.6894,423.7557,0,,,,,,,,,,,,
11/6/2023,435.69,433.6038,423.95475,0,,,,,,,,,,,,
11/7/2023,436.93,433.4872,424.13625,0,,,,,,,,,,,,
11/8/2023,437.25,433.249,424.3215,0,,,,,,,,,,,,
11/9/2023,433.84,432.9056,424.48895,0,,,,,,,,,,,,
11/10/2023,440.61,432.7108,424.66825,0,,,,,,,,,,,,
11/13/2023,440.19,432.4908,424.8408,0,,,,,,,,,,,,
11/14/2023,448.73,432.4806,425.0815,0,,,,,,,,,,,,
11/15/2023,449.68,432.5498,425.2975,0,,,,,,,,,,,,
11/16/2023,450.23,432.6574,425.49465,0,,,,,,,,,,,,
11/17/2023,450.79,432.7628,425.6647,0,,,,,,,,,,,,
11/20/2023,454.26,432.879,425.87425,0,,,,,,,,,,,,
11/21/2023,453.27,433.0246,426.09145,0,,,,,,,,,,,,
11/22/2023,455.02,433.1948,426.2906,0,,,,,,,,,,,,
11/24/2023,455.3,433.2936,426.51385,0,,,,,,,,,,,,
11/27/2023,454.48,433.5158,426.7508,0,,,,,,,,,,,,
11/28/2023,454.93,433.7418,426.98525,0,,,,,,,,,,,,
11/29/2023,454.61,433.9798,427.19415,0,,,,,,,,,,,,
11/30/2023,456.4,434.335,427.41295,0,,,,,,,,,,,,
12/1/2023,459.1,434.8892,427.63855,0,,,,,,,,,,,,
12/4/2023,456.69,435.4146,427.8806,0,,,,,,,,,,,,
12/5/2023,456.6,435.902,428.1273,0,,,,,,,,,,,,
12/6/2023,454.76,436.4796,428.40565,0,,,,,,,,,,,,
12/7/2023,458.23,437.1232,428.7041,0,,,,,,,,,,,,
12/8/2023,460.2,437.7568,429.0018,0,,,,,,,,,,,,
12/11/2023,461.99,438.447,429.32985,0,,,,,,,,,,,,
12/12/2023,464.1,439.1828,429.6617,0,,,,,,,,,,,,
12/13/2023,470.5,440.161,430.0329,0,,,,,,,,,,,,
12/14/2023,472.01,441.108,430.41925,0,,,,,,,,,,,,
12/15/2023,469.33,442.0046,430.77685,0,,,,,,,,,,,,
12/18/2023,471.97,442.8532,431.11575,0,,,,,,,,,,,,
12/19/2023,474.84,443.7042,431.4676,0,,,,,,,,,,,,
12/20/2023,468.26,444.3786,431.81755,0,,,,,,,,,,,,
12/21/2023,472.7,445.1062,432.18645,0,,,,,,,,,,,,
12/22/2023,473.65,445.906,432.5969,0,,,,,,,,,,,,
12/26/2023,475.65,446.789,433.0456,0,,,,,,,,,,,,
12/27/2023,476.51,447.5984,433.50135,0,,,,,,,,,,,,
12/28/2023,476.69,448.4118,433.92615,0,,,,,,,,,,,,
12/29/2023,475.31,449.3138,434.3563,0,,,,,,,,,,,,
1/2/2024,472.65,450.2382,434.739,0,,,,,,,,,,,,
1/3/2024,468.79,451.1902,435.133,0,,,,,,,,,,,,
1/4/2024,467.28,452.1266,435.5007,0,,,,,,,,,,,,
1/5/2024,467.92,453.0124,435.84575,0,,,,,,,,,,,,
1/8/2024,474.6,454.1534,436.2582,0,,,,,,,,,,,,
1/9/2024,473.88,455.38,436.66175,0,,,,,,,,,,,,
1/10/2024,476.56,456.6976,437.0658,0,,,,,,,,,,,,
1/11/2024,476.35,457.9128,437.4651,0,,,,,,,,,,,,
1/12/2024,476.68,459.0824,437.8705,0,,,,,,,,,,,,
1/16/2024,474.93,460.1278,438.2384,0,,,,,,,,,,,,
1/17/2024,472.29,460.9584,438.58135,0,,,,,,,,,,,,
1/18/2024,476.49,461.7944,438.91685,0,,,,,,,,,,,,
1/19/2024,482.43,462.7292,439.27425,0,,,,,,,,,,,,
1/22/2024,483.45,463.6596,439.64815,0,,,,,,,,,,,,
1/23/2024,484.86,464.6118,440.03445,0,,,,,,,,,,,,
1/24/2024,485.39,465.6428,440.41545,0,,,,,,,,,,,,
1/25/2024,488.03,466.5912,440.80755,0,,,,,,,,,,,,
1/26/2024,487.41,467.5356,441.196,0,,,,,,,,,,,,
1/29/2024,491.27,468.3864,441.6121,0,,,,,,,,,,,,
1/30/2024,490.89,469.2106,441.9992,0,,,,,,,,,,,,
1/31/2024,482.88,469.8636,442.3513,0,,,,,,,,,,,,
2/1/2024,489.2,470.6318,442.7276,0,,,,,,,,,,,,
2/2/2024,494.35,471.4336,443.1283,0,,,,,,,,,,,,
2/5/2024,492.55,472.2192,443.52035,0,,,,,,,,,,,,
2/6/2024,493.98,472.9984,443.93085,0,,,,,,,,,,,,
2/7/2024,498.1,473.8544,444.36035,0,,,,,,,,,,,,
2/8/2024,498.32,474.7312,444.7888,0,,,,,,,,,,,,
2/9/2024,501.2,475.6566,445.2644,0,,,,,,,,,,,,
2/12/2024,500.98,476.584,445.7475,0,,,,,,,,,,,,
2/13/2024,494.08,477.3376,446.15585,0,,,,,,,,,,,,
2/14/2024,498.57,478.127,446.56905,0,,,,,,,,,,,,
2/15/2024,502.01,479.0334,447.00155,0,,,,,,,,,,,,
2/16/2024,499.51,479.8916,447.4449,0,,,,,,,,,,,,
2/20/2024,496.76,480.7316,447.8886,0,,,,,,,,,,,,
2/21/2024,497.21,481.5112,448.349,0,,,,,,,,,,,,
2/22/2024,507.5,482.4572,448.82335,0,,,,,,,,,,,,
2/23/2024,507.85,483.3744,449.2989,0,,,,,,,,,,,,
2/26/2024,505.99,484.2122,449.7742,0,,,,,,,,,,,,
2/27/2024,506.93,484.9408,450.2446,0,,,,,,,,,,,,
2/28/2024,506.26,485.6258,450.71525,0,,,,,,,,,,,,
2/29/2024,508.08,486.4008,451.1977,0,,,,,,,,,,,,
3/1/2024,512.85,487.2184,451.6969,0,,,,,,,,,,,,
3/4/2024,512.3,487.9676,452.20715,0,,,,,,,,,,,,
3/5/2024,507.18,488.746,452.6669,0,,,,,,,,,,,,
3/6/2024,509.75,489.487,453.1195,0,,,,,,,,,,,,
3/7/2024,514.81,490.3102,453.60045,0,,,,,,,,,,,,
3/8/2024,511.72,491.0316,454.0651,0,,,,,,,,,,,,
3/11/2024,511.28,491.727,454.55105,0,,,,,,,,,,,,
3/12/2024,516.78,492.5288,455.0795,0,,,,,,,,,,,,
3/13/2024,515.97,493.342,455.5861,0,,,,,,,,,,,,
3/14/2024,514.95,494.188,456.06075,0,,,,,,,,,,,,
3/15/2024,509.83,495.0088,456.509,0,,,,,,,,,,,,
3/18/2024,512.86,495.9204,456.98405,0,,,,,,,,,,,,
3/19/2024,515.71,496.8762,457.4535,0,,,,,,,,,,,,
3/20/2024,520.48,497.7938,457.9163,0,,,,,,,,,,,,
3/21/2024,522.2,498.7602,458.3918,0,,,,,,,,,,,,
3/22/2024,521.21,499.6532,458.8577,0,,,,,,,,,,,,
3/25/2024,519.77,500.5216,459.3238,0,,,,,,,,,,,,
3/26/2024,518.81,501.3642,459.7722,0,,,,,,,,,,,,
3/27/2024,523.17,502.329,460.23855,0,,,,,,,,,,,,
3/28/2024,523.07,503.3446,460.6849,0,,,,,,,,,,,,
4/1/2024,522.16,504.258,461.1124,0,,,,,,,,,,,,
4/2/2024,518.84,504.9862,461.5207,0,,,,,,,,,,,,
4/3/2024,519.41,505.7054,461.90475,0,,,,,,,,,,,,
4/4/2024,513.07,506.2696,462.2728,0,,,,,,,,,,,,
4/5/2024,518.43,506.9304,462.67905,0,,,,,,,,,,,,
4/8/2024,518.72,507.5442,463.09795,0,,,,,,,,,,,,
4/9/2024,519.32,508.1824,463.512,0,,,,,,,,,,,,
4/10/2024,514.12,508.6394,463.91655,0,,,,,,,,,,,,
4/11/2024,518,509.1816,464.34935,0,,,,,,,,,,,,
4/12/2024,510.85,509.741,464.72275,0,,,,,,,,,,,,
4/15/2024,504.45,510.046,465.06305,0,,,,,,,,,,,,
4/16/2024,503.53,510.2296,465.39015,0,,,,,,,,,,,,
4/17/2024,500.55,510.3896,465.6765,0,,,,,,,,,,,,
4/18/2024,499.52,510.5004,465.95515,0,,,,,,,,,,,,
4/19/2024,495.16,510.4416,466.2153,0,,,,,,,,,,,,
4/22/2024,499.72,510.4696,466.5156,0,,,,,,,,,,,,
4/23/2024,505.65,510.5586,466.8511,0,,,,,,,,,,,,
4/24/2024,505.41,510.6472,467.17985,0,,,,,,,,,,,,
4/25/2024,503.49,510.8354,467.485,0,,,,,,,,,,,,
4/26/2024,508.26,511.0292,467.7962,0,,,,,,,,,,,,
4/29/2024,510.06,511.1902,468.0987,0,,,,,,,,,,,,
4/30/2024,501.98,511.2396,468.3622,0,,,,,,,,,,,,
5/1/2024,500.35,511.3114,468.60975,0,,,,,,,,,,,,
5/2/2024,505.03,511.4678,468.86395,0,,,,,,,,,,,,
5/3/2024,511.29,511.5436,469.1444,0,,,,,,,,,,,,
5/6/2024,516.57,511.718,469.46635,0,,,,,,,,,,,,
5/7/2024,517.14,511.941,469.79115,0,,,,,,,,,,,,
5/8/2024,517.19,512.1462,470.1061,0,,,,,,,,,,,,
5/9/2024,520.17,512.4244,470.42975,0,,,,,,,,,,,,
5/10/2024,520.84,512.6796,470.7564,0,,,,,,,,,,,,
5/13/2024,520.91,512.8408,471.0985,0,,,,,,,,,,,,
5/14/2024,523.3,513.0608,471.4304,0,,,,,,,,,,,,
5/15/2024,529.78,513.5128,471.79035,0,,,,,,,,,,,,
5/16/2024,528.69,513.8916,472.1514,0,,,,,,,,,,,,
5/17/2024,529.45,514.1844,472.548,0,,,,,,,,,,,,
5/20/2024,530.06,514.5512,472.9541,0,,,,,,,,,,,,
5/21/2024,531.36,514.9528,473.37685,0,,,,,,,,,,,,
5/22/2024,529.83,515.2138,473.77245,0,,,,,,,,,,,,
5/23/2024,525.96,515.4136,474.1585,0,,,,,,,,,,,,
5/24/2024,529.44,515.7034,474.57695,0,,,,,,,,,,,,
5/28/2024,529.81,516.103,474.99645,0,,,,,,,,,,,,
5/29/2024,526.1,516.3678,475.3987,0,,,,,,,,,,,,
5/30/2024,522.61,516.5058,475.7712,0,,,,,,,,,,,,
5/31/2024,527.37,516.6436,476.1936,0,,,,,,,,,,,,
6/3/2024,527.8,516.7556,476.6344,0,,,,,,,,,,,,
6/4/2024,528.39,516.8992,477.0949,0,,,,,,,,,,,,
6/5/2024,534.67,517.1972,477.58575,0,,,,,,,,,,,,
6/6/2024,534.66,517.5142,478.06235,0,,,,,,,,,,,,
6/7/2024,534.01,517.731,478.54165,0,,,,,,,,,,,,
6/10/2024,535.66,517.9828,479.0048,0,,,,,,,,,,,,
6/11/2024,536.95,518.2786,479.5051,0,,,,,,,,,,,,
6/12/2024,541.36,518.729,480.01205,0,,,,,,,,,,,,
6/13/2024,542.45,519.1898,480.5105,0,,,,,,,,,,,,
6/14/2024,542.78,519.784,480.9786,0,,,,,,,,,,,,
6/17/2024,547.1,520.3574,481.45905,0,,,,,,,,,,,,
6/18/2024,548.49,520.9528,481.94975,0,,,,,,,,,,,,
6/20/2024,547,521.5064,482.4288,0,,,,,,,,,,,,
6/21/2024,544.51,522.1142,482.90515,0,,,,,,,,,,,,
6/24/2024,542.74,522.609,483.38775,0,,,,,,,,,,,,
6/25/2024,544.83,523.2886,483.88765,0,,,,,,,,,,,,
6/26/2024,545.51,524.1098,484.3876,0,,,,,,,,,,,,
6/27/2024,546.37,524.9666,484.8772,0,,,,,,,,,,,,
6/28/2024,544.22,525.84,485.36835,0,,,,,,,,,,,,
7/1/2024,545.34,526.7564,485.8625,0,,,,,,,,,,,,
7/2/2024,549.01,527.8334,486.35575,0,,,,,,,,,,,,
7/3/2024,551.46,528.8682,486.8962,0,,,,,,,,,,,,
7/5/2024,554.64,529.848,487.45125,0,,,,,,,,,,,,
7/8/2024,555.28,530.8454,488.0141,0,,,,,,,,,,,,
7/9/2024,555.82,531.892,488.6,0,,,,,,,,,,,,
7/10/2024,561.32,532.9532,489.24965,0,,,,,,,,,,,,
7/11/2024,556.48,533.8816,489.87995,0,,,,,,,,,,,,
7/12/2024,559.99,535.0418,490.51875,0,,,,,,,,,,,,
7/15/2024,561.53,536.2654,491.197,0,,,,,,,,,,,,
7/16/2024,564.86,537.462,491.89105,0,,,,,,,,,,,,
7/17/2024,556.94,538.375,492.53315,0,,,,,,,,,,,,
7/18/2024,552.66,539.0968,493.15905,0,,,,,,,,,,,,
7/19/2024,548.99,539.7338,493.76745,0,,,,,,,,,,,,
7/22/2024,554.65,540.483,494.43275,0,,,,,,,,,,,,
7/23/2024,553.78,541.1552,495.07835,0,,,,,,,,,,,,
7/24/2024,541.23,541.563,495.662,0,,,,,,,,,,,,
7/25/2024,538.41,541.913,496.20635,0,,,,,,,,,,,,
7/26/2024,544.44,542.3358,496.7671,0,,,,,,,,,,,,
7/29/2024,544.76,542.6354,497.3182,0,,,,,,,,,,,,
7/30/2024,542,542.9016,497.8466,0,,,,,,,,,,,,
7/31/2024,550.81,543.3288,498.43235,0,,,,,,,,,,,,
8/1/2024,543.01,543.5878,498.9899,0,,,,,,,,,,,,
8/2/2024,532.9,543.6186,499.4742,0,,,,,,,,,,,,
8/5/2024,517.38,543.3696,499.881,0,,,,,,,,,,,,
8/6/2024,522.15,543.2934,500.3407,0,,,,,,,,,,,,
8/7/2024,518.66,543.0778,500.80185,0,,,,,,,,,,,,
8/8/2024,530.65,543.0946,501.34915,0,,,,,,,,,,,,
8/9/2024,532.99,543.2324,501.9118,0,,,,,,,,,,,,
8/12/2024,533.27,543.4456,502.46,0,,,,,,,,,,,,
8/13/2024,542.04,543.739,503.08245,0,,,,,,,,,,,,
8/14/2024,543.75,544.058,503.73845,0,,,,,,,,,,,,
8/15/2024,553.07,544.5516,504.4504,0,,,,,,,,,,,,
8/16/2024,554.31,544.9444,505.144,0,,,,,,,,,,,,
8/19/2024,559.61,545.4434,505.85105,0,,,,,,,,,,,,
8/20/2024,558.7,545.9372,506.53125,0,,,,,,,,,,,,
8/21/2024,560.62,546.4364,507.18055,0,,,,,,,,,,,,
8/22/2024,556.22,546.8218,507.7882,0,,,,,,,,,,,,
8/23/2024,562.13,547.2372,508.4204,0,,,,,,,,,,,,
8/26/2024,560.79,547.604,509.0397,0,,,,,,,,,,,,
8/27/2024,561.56,547.9796,509.66125,0,,,,,,,,,,,,
8/28/2024,558.3,548.2036,510.28355,0,,,,,,,,,,,,
8/29/2024,558.35,548.4008,510.87225,0,,,,,,,,,,,,
8/30/2024,563.68,548.7344,511.4897,0,,,,,,,,,,,,
9/3/2024,552.08,548.8858,512.00645,0,,,,,,,,,,,,
9/4/2024,550.95,549.05,512.5128,0,,,,,,,,,,,,
9/5/2024,549.61,549.1456,513.0097,0,,,,,,,,,,,,
9/6/2024,540.36,549.0426,513.45755,0,,,,,,,,,,,,
9/9/2024,546.41,549.0434,513.9183,0,,,,,,,,,,,,
9/10/2024,548.79,549.1348,514.3959,0,,,,,,,,,,,,
9/11/2024,554.42,549.3164,514.8929,0,,,,,,,,,,,,
9/12/2024,559.09,549.518,515.41185,0,,,,,,,,,,,,
9/13/2024,562.01,549.729,515.9495,0,,,,,,,,,,,,
9/16/2024,562.84,549.893,516.48905,0,,,,,,,,,,,,
9/17/2024,563.07,550.0488,517.03135,0,,,,,,,,,,,,
9/18/2024,561.4,550.1604,517.55635,0,,,,,,,,,,,,
9/19/2024,570.98,550.3536,518.11575,0,,,,,,,,,,,,
9/20/2024,568.25,550.589,518.67355,0,,,,,,,,,,,,
9/23/2024,569.67,550.7826,519.2389,0,,,,,,,,,,,,
9/24/2024,571.3,550.978,519.8216,0,,,,,,,,,,,,
9/25/2024,570.04,551.0816,520.38065,0,,,,,,,,,,,,
9/26/2024,572.3,551.3888,520.94115,0,,,,,,,,,,,,
9/27/2024,571.47,551.765,521.48855,0,,,,,,,,,,,,
9/30/2024,573.76,552.2604,522.03685,0,,,,,,,,,,,,
10/1/2024,568.62,552.5398,522.52745,0,,,,,,,,,,,,
10/2/2024,568.86,552.8414,523.0117,0,,,,,,,,,,,,
10/3/2024,567.82,553.3732,523.50415,0,,,,,,,,,,,,
10/4/2024,572.98,554.0646,524.0092,0,,,,,,,,,,,,
10/7/2024,567.8,554.5318,524.474,0,,,,,,,,,,,,
10/8/2024,573.17,555.1,524.99855,0,,,,,,,,,,,,
10/9/2024,577.14,555.8028,525.52075,0,,,,,,,,,,,,
10/10/2024,576.13,556.3092,526.03315,0,,,,,,,,,,,,
10/11/2024,579.58,557.0406,526.5528,0,,,,,,,,,,,,
10/14/2024,584.32,558.069,527.09185,0,,,,,,,,,,,,
10/15/2024,579.78,559.317,527.6073,0,,,,,,,,,,,,
10/16/2024,582.3,560.52,528.14225,0,,,,,,,,,,,,
10/17/2024,582.35,561.7938,528.69075,0,,,,,,,,,,,,
10/18/2024,584.59,562.8726,529.26975,0,,,,,,,,,,,,
10/21/2024,583.63,563.8854,529.8515,0,,,,,,,,,,,,
10/22/2024,583.32,564.8864,530.4285,0,,,,,,,,,,,,
10/23/2024,577.99,565.6054,530.94545,0,,,,,,,,,,,,
10/24/2024,579.24,566.3152,531.47225,0,,,,,,,,,,,,
10/25/2024,579.04,566.8346,531.98465,0,,,,,,,,,,,,
10/28/2024,580.83,567.365,532.50705,0,,,,,,,,,,,,
10/29/2024,581.77,567.8082,533.0325,0,,,,,,,,,,,,
10/30/2024,580.01,568.2344,533.5579,0,,,,,,,,,,,,
10/31/2024,568.64,568.3948,534.03965,0,,,,,,,,,,,,
11/1/2024,571.04,568.6912,534.5124,0,,,,,,,,,,,,
11/4/2024,569.81,568.8448,534.9493,0,,,,,,,,,,,,
11/5/2024,576.7,569.163,535.41555,0,,,,,,,,,,,,
11/6/2024,591.04,569.7526,535.94645,0,,,,,,,,,,,,
11/7/2024,595.61,570.4988,536.49755,0,,,,,,,,,,,,
11/8/2024,598.19,571.2956,537.04835,0,,,,,,,,,,,,
11/11/2024,598.76,571.9972,537.6051,0,,,,,,,,,,,,
11/12/2024,596.9,572.8936,538.13325,0,,,,,,,,,,,,
11/13/2024,597.19,573.8184,538.66475,0,,,,,,,,,,,,
11/14/2024,593.35,574.6932,539.2171,0,,,,,,,,,,,,
11/15/2024,585.75,575.601,539.69985,0,,,,,,,,,,,,
11/18/2024,588.15,576.4358,540.16885,0,,,,,,,,,,,,
11/19/2024,590.3,577.266,540.6576,0,,,,,,,,,,,,
11/20/2024,590.5,577.9876,541.1402,0,,,,,,,,,,,,
11/21/2024,593.67,578.6792,541.61805,0,,,,,,,,,,,,
11/22/2024,595.51,579.3492,542.104,0,,,,,,,,,,,,
11/25/2024,597.53,580.043,542.58565,0,,,,,,,,,,,,
11/26/2024,600.65,580.7946,543.084,0,,,,,,,,,,,,
11/27/2024,598.83,581.5432,543.60775,0,,,,,,,,,,,,
11/29/2024,602.55,582.1746,544.12765,0,,,,,,,,,,,,
12/2/2024,603.63,582.8822,544.63575,0,,,,,,,,,,,,
12/3/2024,603.91,583.567,545.15775,0,,,,,,,,,,,,
12/4/2024,607.66,584.2942,545.71225,0,,,,,,,,,,,,
12/5/2024,606.66,585.0266,546.2595,0,,,,,,,,,,,,
12/6/2024,607.81,585.7368,546.76105,0,,,,,,,,,,,,
12/9/2024,604.68,586.401,547.2452,0,,,,,,,,,,,,
12/10/2024,602.8,586.9818,547.72925,0,,,,,,,,,,,,
12/11/2024,607.46,587.7586,548.2319,0,,,,,,,,,,,,
12/12/2024,604.33,588.468,548.72225,0,,,,,,,,,,,,
12/13/2024,604.21,589.1958,549.2029,0,,,,,,,,,,,,
12/16/2024,606.79,589.872,549.6726,0,,,,,,,,,,,,
12/17/2024,604.29,590.6018,550.13255,0,,,,,,,,,,,,
12/18/2024,586.28,590.864,550.52805,0,,,,,,,,,,,,
12/19/2024,586.1,591.0432,550.9098,0,,,,,,,,,,,,
12/20/2024,591.15,591.3436,551.2915,0,,,,,,,,,,,,
12/23/2024,594.69,591.6458,551.70635,0,,,,,,,,,,,,
12/24/2024,601.3,591.9854,552.15645,0,,,,,,,,,,,,
12/26/2024,601.34,592.4166,552.57925,0,,,,,,,,,,,,
12/27/2024,595.01,592.6708,552.97445,0,,,,,,,,,,,,
12/30/2024,588.22,592.7882,553.3408,0,,,,,,,,,,,,
12/31/2024,586.08,592.818,553.72205,0,,,,,,,,,,,,
1/2/2025,584.64,592.8382,554.08095,0,,,,,,,,,,,,
1/3/2025,591.95,593.0108,554.46215,0,,,,,,,,,,,,
1/6/2025,595.36,593.3582,554.83655,0,,,,,,,,,,,,
1/7/2025,588.63,593.546,555.1687,0,,,,,,,,,,,,
1/8/2025,589.49,593.755,555.5101,0,,,,,,,,,,,,
1/10/2025,580.49,593.7482,555.8137,0,,,,,,,,,,,,
1/13/2025,581.39,593.7406,556.1266,0,,,,,,,,,,,,
1/14/2025,582.19,593.7842,556.4217,0,,,,,,,,,,,,
1/15/2025,592.78,594.267,556.77025,0,,,,,,,,,,,,
1/16/2025,591.64,594.679,557.11765,0,,,,,,,,,,,,
1/17/2025,597.58,595.2344,557.51135,0,,,,,,,,,,,,
1/21/2025,603.05,595.7614,557.92955,0,,,,,,,,,,,,
1/22/2025,606.44,596.0694,558.3964,0,,,,,,,,,,,,
1/23/2025,609.75,596.3522,558.853,0,,,,,,,,,,,,
1/24/2025,607.97,596.5478,559.29925,0,,,,,,,,,,,,
1/27/2025,599.37,596.56,559.6995,0,,,,,,,,,,,,
1/28/2025,604.52,596.7124,560.1515,0,,,,,,,,,,,,
1/29/2025,601.81,596.8048,560.57055,0,,,,,,,,,,,,
1/30/2025,605.04,597.0386,561.0415,0,,,,,,,,,,,,
1/31/2025,601.82,597.36,561.52835,0,,,,,,,,,,,,
2/3/2025,597.77,597.5524,561.99955,0,,,,,,,,,,,,
2/4/2025,601.78,597.782,562.5057,0,,,,,,,,,,,,
2/5/2025,604.22,598.0564,563.0292,0,,,,,,,,,,,,
2/6/2025,606.32,598.3094,563.585,0,,,,,,,,,,,,
2/7/2025,600.77,598.4146,564.09025,0,,,,,,,,,,,,
2/10/2025,604.85,598.561,564.58625,0,,,,,,,,,,,,
2/11/2025,605.31,598.6542,565.08575,0,,,,,,,,,,,,
2/12/2025,603.36,598.7448,565.5851,0,,,,,,,,,,,,
2/13/2025,609.73,598.8884,566.09245,0,,,,,,,,,,,,
2/14/2025,609.7,599.0098,566.59065,0,,,,,,,,,,,,
2/18/2025,611.49,599.1614,567.1382,0,,,,,,,,,,,,
2/19/2025,612.93,599.2668,567.7011,0,,,,,,,,,,,,
2/20/2025,610.38,599.3412,568.22785,0,,,,,,,,,,,,
2/21/2025,599.94,599.1838,568.6711,0,,,,,,,,,,,,
2/24/2025,597.21,599.0344,569.0743,0,,,,,,,,,,,,
2/25/2025,594.24,598.8632,569.4598,0,,,,,,,,,,,,
2/26/2025,594.54,598.6048,569.84655,0,,,,,,,,,,,,
2/27/2025,585.05,598.2192,570.17095,0,,,,,,,,,,,,
2/28/2025,594.18,598.0186,570.53765,0,,,,,,,,,,,,
3/3/2025,583.77,597.5582,570.85195,0,,,,,,,,,,,,
3/4/2025,576.86,597.0096,571.11975,0,,,,,,,,,,,,
3/5/2025,583.06,596.9452,571.38615,0,,,,,,,,,,,,
3/6/2025,572.71,596.6774,571.60625,0,,,,,,,,,,,,
3/7/2025,575.92,596.3728,571.8386,0,,,,,,,,,,,,
3/10/2025,560.58,595.6906,571.9912,0,,,,,,,,,,,,
3/11/2025,555.92,594.783,572.114,0,,,,,,,,,,,,
3/12/2025,558.87,593.9336,572.2592,0,,,,,,,,,,,,
3/13/2025,551.42,593.0618,572.3865,0,,,,,,,,,,,,
3/14/2025,562.81,592.5536,572.55335,0,,,,,,,,,,,,
3/17/2025,567.15,592.175,572.74005,0,,,,,,,,,,,,
3/18/2025,561.02,591.7026,572.91465,0,,,,,,,,,,,,
3/19/2025,567.13,591.2062,573.13725,0,,,,,,,,,,,,
3/20/2025,565.49,590.6088,573.32785,0,,,,,,,,,,,,
3/21/2025,563.98,590.1158,573.50875,0,,,,,,,,,,,,
3/24/2025,574.08,589.8076,573.7372,0,,,,,,,,,,,,
3/25/2025,575.46,589.707,573.94115,0,,,,,,,,,,,,
3/26/2025,568.59,589.451,574.1108,0,,,,,,,,,,,,
3/27/2025,567.08,589.1488,574.27615,0,,,,,,,,,,,,
3/28/2025,555.66,588.4064,574.37615,0,,,,,,,,,,,,
3/31/2025,559.39,587.7614,574.48835,0,,,,,,,,,,,,
4/1/2025,560.97,587.0292,574.5864,0,,,,,,,,,,,,
4/2/2025,564.52,586.2586,574.69675,0,,,,,,,,,,,,
4/3/2025,536.7,584.8638,574.66635,0,,,,,,,,,,,,
4/4/2025,505.28,582.7744,574.45725,0,,,,,,,,,,,,
4/7/2025,504.38,580.7026,574.2367,0,,,,,,,,,,,,
4/8/2025,496.48,578.6448,573.9841,0,,,,,,,,,,,,
4/9/2025,548.62,577.5268,574.00465,0,,,,,,,,,,,,
4/10/2025,524.58,575.9822,573.91385,0,,,,,,,,,,,,
4/11/2025,533.94,574.5602,573.8594,0,,,,,,,,,,,,
4/14/2025,539.12,573.3062,573.82745,0,,,,,,,,,,,,
4/15/2025,537.61,572.103,573.78365,0,,,,,,,,,,,,
4/16/2025,525.66,570.5806,573.69085,0,,,,,,,,,,,,
4/17/2025,526.41,569.0244,573.5962,0,,,,,,,,,,,,
4/21/2025,513.88,567.1756,573.42055,0,,,,,,,,,,,,
4/22/2025,527.25,565.7052,573.2995,0,,,,,,,,,,,,
4/23/2025,535.42,564.3166,573.2034,0,,,,,,,,,,,,
4/24/2025,546.69,563.1442,573.16045,0,,,,,,,,,,,,
4/25/2025,550.64,562.0898,573.13455,0,,,,,,,,,,,,
4/28/2025,550.85,560.9122,573.0822,0,,,,,,,,,,,,
4/29/2025,554.32,559.8046,573.0714,0,,,,,,,,,,,,
4/30/2025,554.54,558.6656,573.04415,0,,,,,,,,,,,,
5/1/2025,558.47,557.5764,573.02885,0,,,,,,,,,,,,
5/2/2025,566.76,556.704,573.03835,0,,,,,,,,,,,,
5/5/2025,563.51,555.9754,573.0712,0,,,,,,,,,,,,
5/6/2025,558.8,555.2072,573.1019,0,,,,,,,,,,,,
5/7/2025,561.15,554.5454,573.1627,0,,,,,,,,,,,,
5/8/2025,565.06,553.9558,573.21475,0,,,,,,,,,,,,
5/9/2025,564.34,553.5416,573.26755,0,,,,,,,,,,,,
5/12/2025,582.99,553.3178,573.47635,0,,,,,,,,,,,,
5/13/2025,586.84,553.3792,573.7185,0,,,,,,,,,,,,
5/14/2025,587.59,553.5938,573.93425,0,,,,,,,,,,,,
5/15/2025,590.46,553.7418,574.16275,0,,,,,,,,,,,,
5/16/2025,594.2,554.1716,574.42375,0,,,,,,,,,,,,
5/19/2025,594.85,554.5502,574.64395,0,,,,,,,,,,,,
5/20/2025,592.85,555.1956,574.89315,0,,,,,,,,,,,,
5/21/2025,582.86,555.7344,575.14295,0,,,,,,,,,,,,
5/22/2025,583.09,556.2188,575.4715,0,,,,,,,,,,,,
5/23/2025,579.11,556.7726,575.7563,0,,,,,,,,,,,,
5/27/2025,591.15,557.3394,576.11875,0,,,,,,,,,,,,
5/28/2025,587.73,557.751,576.40415,0,,,,,,,,,,,,
5/29/2025,590.05,558.3316,576.68945,0,,,,,,,,,,,,
5/30/2025,589.39,558.7768,576.97005,0,,,,,,,,,,,,
6/2/2025,592.71,559.3212,577.2234,0,,,,,,,,,,,,
6/3/2025,596.09,559.9634,577.4851,0,,,,,,,,,,,,
6/4/2025,595.93,560.4004,577.6994,0,,,,,,,,,,,,
6/5/2025,593.05,560.7522,577.8931,0,,,,,,,,,,,,
6/6/2025,599.14,561.3632,578.09075,0,,,,,,,,,,,,
6/9/2025,599.68,562.0152,578.29565,0,,,,,,,,,,,,
6/10/2025,603.08,562.9636,578.50795,0,,,,,,,,,,,,
6/11/2025,601.36,563.803,578.73365,0,,,,,,,,,,,,
6/12/2025,603.75,564.6586,578.94175,0,,,,,,,,,,,,
6/13/2025,597,565.3082,579.1228,0,,,,,,,,,,,,
6/16/2025,602.68,566.6278,579.3284,0,,,,,,,,,,,,
6/17/2025,597.53,568.4728,579.52455,0,,,,,,,,,,,,
6/18/2025,597.44,570.334,579.72,0,,,,,,,,,,,,
6/20/2025,594.28,572.29,579.873,0,,,,,,,,,,,,
6/23/2025,600.15,573.3206,580.11335,0,,,,,,,,,,,,
6/24/2025,606.78,574.9646,580.3925,0,,,,,,,,,,,,
6/25/2025,607.12,576.4282,580.68005,0,,,,,,,,,,,,
6/26/2025,611.87,577.8832,581.0376,0,,,,,,,,,,,,
6/27/2025,614.91,579.4292,581.3801,0,,,,,,,,,,,,
6/30/2025,617.85,581.273,581.7254,0,,,,,,,,,,,,
7/1/2025,617.65,583.0978,582.04155,1,,,,,,,,,,,,
7/2/2025,620.45,585.2292,582.34835,0,,,,,,,,,,,,
7/3/2025,625.34,587.191,582.665,0,,,,,,,,,,,,
7/7/2025,620.68,588.8962,582.9542,0,,,,,,,,,,,,
7/8/2025,620.34,590.3692,583.24055,0,,,,,,,,,,,,
7/9/2025,624.06,591.8376,583.55385,0,,,,,,,,,,,,
7/10/2025,625.82,593.337,583.82805,0,,,,,,,,,,,,
7/11/2025,623.62,594.723,584.1049,0,,,,,,,,,,,,
7/14/2025,624.81,596.1284,584.3806,0,,,,,,,,,,,,
7/15/2025,622.14,597.4018,584.6348,0,,,,,,,,,,,,
7/16/2025,624.22,598.551,584.9057,0,,,,,,,,,,,,
7/17/2025,628.04,599.8416,585.1844,0,,,,,,,,,,,,
7/18/2025,627.58,601.2172,585.46495,0,,,,,,,,,,,,
7/21/2025,628.77,602.5696,585.74,0,,,,,,,,,,,,
7/22/2025,628.86,603.8456,586.0412,0,,,,,,,,,,,,
7/23/2025,634.21,605.243,586.36795,0,,,,,,,,,,,,
7/24/2025,634.42,606.2716,586.70095,0,,,,,,,,,,,,
7/25/2025,637.1,607.2768,587.02155,0,,,,,,,,,,,,
7/28/2025,636.94,608.2638,587.36725,0,,,,,,,,,,,,
7/29/2025,635.26,609.1598,587.6777,0,,,,,,,,,,,,
7/30/2025,634.46,609.965,587.9643,0,,,,,,,,,,,,
7/31/2025,632.08,610.7096,588.24405,0,,,,,,,,,,,,
8/1/2025,621.72,611.287,588.45475,0,,,,,,,,,,,,
8/4/2025,631.17,612.2532,588.689,0,,,,,,,,,,,,
8/5/2025,627.97,613.1508,588.92995,0,,,,,,,,,,,,
8/6/2025,632.78,614.2242,589.18235,0,,,,,,,,,,,,
8/7/2025,632.25,615.0462,589.43185,0,,,,,,,,,,,,
8/8/2025,637.18,616.0352,589.6948,0,,,,,,,,,,,,
8/11/2025,635.92,616.9526,589.95625,0,,,,,,,,,,,,
8/12/2025,642.69,618.0186,590.2531,0,,,,,,,,,,,,
8/13/2025,644.89,619.0622,590.5876,0,,,,,,,,,,,,
8/14/2025,644.95,620.0394,590.91615,0,,,,,,,,,,,,
8/15/2025,643.44,620.9896,591.23815,0,,,,,,,,,,,,
8/18/2025,643.3,621.9946,591.5505,0,,,,,,,,,,,,
8/19/2025,639.81,622.808,591.8407,0,,,,,,,,,,,,
8/20/2025,638.11,623.5766,592.1312,0,,,,,,,,,,,,
8/21/2025,635.55,624.226,592.46575,0,,,,,,,,,,,,
8/22/2025,645.31,625.105,592.8371,0,,,,,,,,,,,,
8/25/2025,642.47,625.8794,593.2004,0,,,,,,,,,,,,
8/26/2025,645.16,626.8426,593.5427,0,,,,,,,,,,,,
8/27/2025,646.63,627.7216,593.82065,0,,,,,,,,,,,,
8/28/2025,648.92,628.7494,594.0872,0,,,,,,,,,,,,
8/29/2025,645.05,629.7016,594.3215,0,,,,,,,,,,,,
9/2/2025,640.27,630.6214,594.52905,0,,,,,,,,,,,,
9/3/2025,643.74,631.4932,594.76325,0,,,,,,,,,,,,
9/4/2025,649.12,632.34,595.0229,0,,,,,,,,,,,,
9/5/2025,647.24,633.1424,595.29235,0,,,,,,,,,,,,
9/8/2025,648.83,633.8816,595.60775,0,,,,,,,,,,,,
9/9/2025,650.33,634.59,595.91865,0,,,,,,,,,,,,
9/10/2025,652.21,635.2772,596.2282,0,,,,,,,,,,,,
9/11/2025,657.63,636.0768,596.56385,0,,,,,,,,,,,,
9/12/2025,657.41,636.816,596.88255,0,,,,,,,,,,,,
9/15/2025,660.91,637.5274,597.20955,0,,,,,,,,,,,,
9/16/2025,660,638.3138,597.5219,0,,,,,,,,,,,,
9/17/2025,659.18,639.0906,597.81455,0,,,,,,,,,,,,
9/18/2025,662.26,639.8546,598.1317,0,,,,,,,,,,,,
9/19/2025,663.7,640.6122,598.43745,0,,,,,,,,,,,,
9/22/2025,666.84,641.4766,598.7535,0,,,,,,,,,,,,
9/23/2025,663.21,642.2446,599.05,0,,,,,,,,,,,,
9/24/2025,661.1,643.0238,599.3172,0,,,,,,,,,,,,
9/25/2025,658.05,643.7004,599.57415,0,,,,,,,,,,,,
9/26/2025,661.82,644.376,599.8442,0,,,,,,,,,,,,
9/29/2025,663.68,645.098,600.1392,0,,,,,,,,,,,,
9/30/2025,666.18,645.8462,600.4561,0,,,,,,,,,,,,
10/1/2025,668.45,646.638,600.76105,0,,,,,,,,,,,,
10/2/2025,669.22,647.3382,601.0855,0,,,,,,,,,,,,
10/3/2025,669.21,648.034,601.4105,0,,,,,,,,,,,,
10/6/2025,671.61,648.7242,601.7346,0,,,,,,,,,,,,
10/7/2025,669.12,649.3678,602.05875,0,,,,,,,,,,,,
10/8/2025,673.11,650.1248,602.4929,0,,,,,,,,,,,,
10/9/2025,671.16,650.8588,602.9182,0,,,,,,,,,,,,
10/10/2025,653.02,651.2776,603.22755,0,,,,,,,,,,,,
10/13/2025,663.04,652.104,603.5693,0,,,,,,,,,,,,
10/14/2025,662.23,652.7252,603.87395,0,,,,,,,,,,,,
10/15/2025,665.17,653.4692,604.1931,0,,,,,,,,,,,,
10/16/2025,660.64,654.0264,604.52125,0,,,,,,,,,,,,
10/17/2025,664.39,654.6692,604.9021,0,,,,,,,,,,,,
10/20/2025,671.3,655.3516,605.3282,0,,,,,,,,,,,,
10/21/2025,671.29,656.059,605.76145,0,,,,,,,,,,,,
10/22/2025,667.8,656.5612,606.1407,0,,,,,,,,,,,,
10/23/2025,671.76,657.0986,606.5227,0,,,,,,,,,,,,
10/24/2025,677.25,657.7446,606.9658,0,,,,,,,,,,,,
10/27/2025,685.24,658.5806,607.44455,0,,,,,,,,,,,,
10/28/2025,687.06,659.4558,607.9774,0,,,,,,,,,,,,
10/29/2025,687.39,660.4074,608.5074,0,,,,,,,,,,,,
10/30/2025,679.83,661.2418,608.9956,0,,,,,,,,,,,,
10/31/2025,682.06,662.172,609.442,0,,,,,,,,,,,,
,,,,,,,,,,,,,,,,
,,,,,,,,,,,,,,,,
,,,,,,,,,,,,,,,,
,,,,,"What was the close price on the date of the most recent ""golden cross""?",,,,,,,,,,,
,,,,,617.65,,,,,,,,,,,
,,,,,,,,,,,,,,,,
,,,,,,,,,,,,,,,,
,,,,,,,,,,,,,,,,
,,,,,,,,,,,,,,,,
,,,,,,,,,,,,,,,,
,,,,,,,,,,,,,,,,
,,,,,,,,,,,,,,,,
,,,,,,,,,,,,,,,,
,,,,,,,,,,,,,,,,
,,,,,,,,,,,,,,,,
,,,,,,,,,,,,,,,,
,,,,,,,,,,,,,,,,SNI
